-- phpMyAdmin SQL Dump
-- version 5.1.0
-- https://www.phpmyadmin.net/
--
-- Servidor: 127.0.0.1
-- Tiempo de generación: 23-07-2021 a las 18:41:27
-- Versión del servidor: 10.4.18-MariaDB
-- Versión de PHP: 8.0.3

SET SQL_MODE = "NO_AUTO_VALUE_ON_ZERO";
START TRANSACTION;
SET time_zone = "+00:00";


/*!40101 SET @OLD_CHARACTER_SET_CLIENT=@@CHARACTER_SET_CLIENT */;
/*!40101 SET @OLD_CHARACTER_SET_RESULTS=@@CHARACTER_SET_RESULTS */;
/*!40101 SET @OLD_COLLATION_CONNECTION=@@COLLATION_CONNECTION */;
/*!40101 SET NAMES utf8mb4 */;

--
-- Base de datos: `bdfernando5bacoa`
--

-- --------------------------------------------------------

--
-- Estructura de tabla para la tabla `ciudadano`
--

CREATE TABLE `ciudadano` (
  `codigo` int(4) NOT NULL,
  `apellido` varchar(22) DEFAULT NULL,
  `nombre` varchar(28) DEFAULT NULL,
  `calle_avenida` varchar(12) DEFAULT NULL,
  `numero_casa` varchar(5) DEFAULT NULL,
  `zona` int(2) DEFAULT NULL,
  `codigomuni` int(4) DEFAULT NULL,
  `notelmovil` int(8) DEFAULT NULL,
  `empresacel` int(1) DEFAULT NULL,
  `fechanac` varchar(10) DEFAULT NULL,
  `nivel_academico` int(2) DEFAULT NULL
) ENGINE=InnoDB DEFAULT CHARSET=utf8;

--
-- Volcado de datos para la tabla `ciudadano`
--

INSERT INTO `ciudadano` (`codigo`, `apellido`, `nombre`, `calle_avenida`, `numero_casa`, `zona`, `codigomuni`, `notelmovil`, `empresacel`, `fechanac`, `nivel_academico`) VALUES
(1214, 'Abal Perez', 'Allison Adriana', '6ta. Calle', '4-36', 1, 101, 41404301, 3, '31/10/1985', 1),
(1215, 'Acabal Pantuj', 'Amy Lisseth', '10ma. Calle', '4-40', 2, 102, 41404502, 3, '13/01/1970', 2),
(1216, 'Acabal Poroj', 'Andrés', '8va. Calle', '1-33', 3, 103, 41404703, 3, '7/07/1978', 3),
(1217, 'Acevedo Buitrago', 'Jairo Ramiro', '7ma. Avenida', '8-35', 5, 104, 41405105, 3, '10/03/1974', 4),
(1218, 'Agreda Castillo', 'Karen Violeta', '8va. Calle', '10-75', 7, 105, 41405507, 3, '8/01/1971', 5),
(1219, 'Agreda Perdomo', 'Karla María', '1ra. Avenida', '11-06', 9, 106, 41405909, 2, '30/06/1988', 6),
(1220, 'Aguilar Aldana', 'Luis Carlos', '8va. Calle', '12-37', 10, 107, 41406110, 1, '16/08/1962', 7),
(1221, 'Aguilar Alvarez', 'María José', '2da. Calle', '13-53', 11, 108, 41406311, 3, '6/01/1969', 8),
(1222, 'Aguilar De Paz', 'Kenneth Alexander', '10ma. Calle', '11-35', 13, 109, 41406713, 3, '26/02/2009', 9),
(1223, 'Aguilar Goméz', 'Luis Fernando', '9na. Avenida', '12-58', 14, 110, 41406914, 3, '17/10/1986', 10),
(1224, 'Aguilar Oliva', 'Cristina Beatriz', '4ta. Calle', '3-39', 17, 111, 41407517, 3, '9/07/1980', 11),
(1225, 'Aguilar Rogel', 'Kevin José', '1ra. Avenida', '11-56', 21, 112, 41408120, 3, '8/10/1973', 12),
(1226, 'Aguilar Salguero', 'Jennie Fernanda', '5ta. Avenida', '8-73', 1, 113, 41408321, 2, '7/03/1969', 13),
(1227, 'Aguilar Santos', 'Ana Gabriela', '4ta. Calle', '4-44', 2, 114, 41408522, 3, '3/09/1976', 14),
(1228, 'Aguilar Santos', 'Kimberly Renee', '3ra. Avenida', '11-78', 3, 115, 41408723, 3, '16/10/1960', 15),
(1229, 'Agustin Alarcón', 'Karen Alejandra', '9na. Avenida', '10-66', 5, 116, 41409125, 3, '18/05/1979', 16),
(1230, 'Ajanel Guerra', 'Ana Silvia María', '2da. Calle', '4-62', 7, 117, 41409527, 3, '27/06/1972', 1),
(1231, 'Ajanel Pelicó', 'Lincy Aracely', '2da. Calle', '12-11', 9, 201, 41409929, 3, '16/01/1983', 2),
(1232, 'Alarcón Calderón', 'Abraham', '1ra. Avenida', '4-01', 11, 202, 41410331, 3, '1/01/2009', 3),
(1233, 'Albizú Echeverría', 'Otto Rene', '4ta. Calle', '15-52', 13, 203, 41410733, 3, '1/10/1962', 4),
(1234, 'Alburez Morataya', 'Kristel Manuela', '9na. Avenida', '11-84', 14, 204, 41410934, 1, '31/05/1981', 5),
(1235, 'Aldana López', 'Linybel Alejandra', '5ta. Avenida', '12-14', 16, 205, 41411336, 3, '13/11/1981', 6),
(1236, 'Alfaro Noriega', 'Thania María', '9na. Avenida', '17-58', 17, 206, 41411537, 3, '28/02/1979', 7),
(1237, 'Almaraz Flores', 'Erick Eduardo', '9na. Avenida', '6-16', 21, 207, 41412140, 3, '13/02/1970', 8),
(1238, 'Alonso García', 'José Pablo', '5ta. Avenida', '10-02', 1, 208, 41412341, 1, '1/02/1973', 9),
(1239, 'Alonzo', 'Lourdes Maribel', '8va. Calle', '12-17', 2, 301, 41412542, 3, '11/01/1966', 10),
(1240, 'Alonzo Cardona', 'Geraldine', '7ma. Avenida', '7-09', 3, 302, 41412743, 3, '15/02/1976', 11),
(1241, 'Alvarado Bravo', 'David Alejandro', '9na. Avenida', '3-74', 5, 303, 41413145, 3, '17/09/1968', 12),
(1242, 'Alvarado García', 'Sofía Del Pilar', '4ta. Calle', '17-33', 7, 304, 41413547, 3, '17/08/1970', 13),
(1243, 'Alvarado López', 'Mercedes Sara María', '1ra. Avenida', '14-46', 9, 305, 41413949, 3, '3/12/1989', 14),
(1244, 'Alvarado Morales', 'Teresa Adriana', '8va. Calle', '17-57', 10, 306, 41414150, 3, '7/05/1981', 15),
(1245, 'Alvarado Orellana', 'Luis Fernando', '10ma. Calle', '12-59', 11, 307, 41414351, 3, '20/10/1974', 16),
(1246, 'Alvarado Orellana', 'Rodrigo Ignacio', '4ta. Calle', '16-14', 13, 308, 41414753, 2, '1/10/1971', 1),
(1247, 'Alvarado Recinos', 'Patrick Allan', '7ma. Avenida', '15-65', 16, 309, 41415356, 3, '30/04/1973', 2),
(1248, 'Alvarado Recinos', 'Inés Eugenia', '1ra. Avenida', '8-09', 17, 310, 41415557, 3, '26/11/1988', 3),
(1249, 'Alvarez Pérez', 'María Del Pilar', '6ta. Calle', '13-37', 4, 311, 41416964, 3, '19/06/1964', 4),
(1250, 'Alvarez Pérez', 'Pedro Luis', '8va. Calle', '15-76', 7, 312, 41417567, 1, '5/09/1982', 5),
(1251, 'Alvarez Ruiz', 'María Fernanda', '10ma. Calle', '13-41', 8, 313, 41417768, 2, '14/12/1975', 6),
(1252, 'Amado Aguilar', 'Rudy Javier', '7ma. Avenida', '16-37', 9, 314, 41417969, 3, '20/09/1970', 7),
(1253, 'Amado Aguilar', 'Carlos David', '1ra. Avenida', '2-56', 10, 315, 41418170, 3, '30/11/1982', 8),
(1254, 'Ambrocio Amaya', 'Luis Eduardo', '6ta. Calle', '12-45', 14, 316, 41418974, 3, '20/01/1979', 9),
(1255, 'Ambrosio Alemán', 'Jorge Eduardo Miguel', '4ta. Calle', '9-28', 16, 401, 41419376, 3, '19/12/1984', 10),
(1256, 'Ancarola Quintero', 'María Fernanda', '3ra. Avenida', '13-44', 17, 402, 41419577, 3, '21/06/1982', 11),
(1257, 'Andersson Recinos', 'Joshua', '8va. Calle', '10-15', 18, 403, 41419778, 3, '13/11/1988', 12),
(1258, 'Anzueto González', 'Carlos Guillermo', '8va. Calle', '2-63', 21, 404, 41420180, 3, '28/01/1976', 13),
(1259, 'Aquino Cruz', 'Edgar Josue', '8va. Calle', '5-42', 1, 405, 41420381, 3, '20/12/1978', 14),
(1260, 'Aragón Hernández', 'Adriana Valeria', '4ta. Calle', '4-04', 3, 406, 41420783, 3, '5/10/1985', 15),
(1261, 'Arana Zepeda', 'Paulo André', '3ra. Avenida', '15-71', 4, 407, 41420984, 2, '10/01/1984', 16),
(1262, 'Arceo Castillo', 'Carlos Javier', '10ma. Calle', '2-65', 7, 408, 41421587, 1, '15/08/1985', 1),
(1263, 'Archila Contreras', 'José Eduardo', '6ta. Calle', '9-60', 8, 409, 41421788, 1, '14/12/1982', 2),
(1264, 'Archila Contreras', 'María Virginia', '6ta. Calle', '13-67', 9, 410, 41421989, 3, '26/07/1972', 3),
(1265, 'Archila Hiemann', 'Ana Isabel', '7ma. Avenida', '4-47', 10, 411, 41422190, 3, '27/08/1985', 4),
(1266, 'Ardón Díaz', 'Jean Willy', '10ma. Calle', '8-58', 12, 412, 41422592, 3, '15/10/1981', 5),
(1267, 'Arenas Muñoz', 'Hamlet Oswaldo', '10ma. Calle', '7-52', 14, 413, 41422994, 1, '2/12/1979', 6),
(1268, 'Arévalo Cuevas', 'Carol Stephanía', '5ta. Avenida', '2-70', 16, 414, 41423396, 3, '7/12/2009', 7),
(1269, 'Arevalo López', 'Mario Alberto', '5ta. Avenida', '13-76', 17, 415, 41423597, 3, '26/02/1961', 8),
(1270, 'Arévalo Teos', 'Luis Carlos Albert', '10ma. Calle', '12-39', 18, 416, 41423798, 3, '26/10/1981', 9),
(1271, 'Argueta Cabrera', 'Mario Andrés', '7ma. Avenida', '13-78', 21, 501, 41424200, 3, '9/03/1972', 10),
(1272, 'Argueta Cabrera', 'Astrid Pamela', '1ra. Avenida', '1-66', 1, 502, 41424401, 2, '22/11/1967', 11),
(1273, 'Argueta Girón', 'Ana Patricia', '9na. Avenida', '4-59', 3, 503, 41424803, 3, '2/10/1971', 12),
(1274, 'Argueta Hernández', 'Mario Enrique', '1ra. Avenida', '13-82', 4, 504, 41425004, 2, '24/10/1945', 13),
(1275, 'Argueta Y Argueta', 'Márjory Betzabeth', '5ta. Avenida', '13-86', 7, 505, 41425607, 3, '20/09/1968', 14),
(1276, 'Arizandieta Mazariegos', 'Alfonso Jose', '5ta. Avenida', '4-25', 8, 506, 41425808, 3, '10/04/1979', 15),
(1277, 'Arreaga Barrios', 'Karol Melissa', '5ta. Avenida', '11-10', 9, 507, 41426009, 3, '10/02/1980', 16),
(1278, 'Arrecis De León', 'Leeza Mareé', '2da. Calle', '11-87', 10, 508, 41426210, 3, '23/09/1980', 1),
(1279, 'Arredondo Vélasquez', 'Jose Andres', '3ra. Avenida', '9-47', 12, 509, 41426612, 3, '10/04/1979', 2),
(1280, 'Arriaza Arredondo', 'Maykold Jonathan', '9na. Avenida', '14-24', 14, 510, 41427014, 3, '3/10/1976', 3),
(1281, 'Asij Revolorio', 'Oscar Aarón Emanuel', '6ta. Calle', '15-34', 16, 511, 41427416, 3, '13/08/1978', 4),
(1282, 'Asturias Gonzalez', 'Valery Andrea', '8va. Calle', '18-01', 17, 512, 41427617, 3, '16/04/1973', 5),
(1283, 'Asturias Muñoz', 'Melissa Beatriz', '8va. Calle', '14-43', 18, 513, 41427818, 3, '11/11/1983', 6),
(1284, 'Avendaño Taracena', 'Eduardo Andrés', '7ma. Avenida', '5-51', 21, 601, 41428220, 3, '16/04/2009', 7),
(1285, 'Avila Flores', 'Christian Javier', '7ma. Avenida', '3-02', 1, 602, 41428421, 3, '24/06/1979', 8),
(1286, 'Ayala Larios', 'Ericka Ninette', '9na. Avenida', '6-26', 3, 603, 41428823, 3, '7/04/1984', 9),
(1287, 'Ayala Martínez', 'Bryan René', '7ma. Avenida', '2-42', 4, 604, 41429024, 3, '13/07/1974', 10),
(1288, 'Azurdia Gutiérrez', 'Nara', '9na. Avenida', '15-07', 7, 605, 41429627, 3, '12/09/1996', 11),
(1289, 'Balcárcel Muñoz', 'Christian René', '2da. Calle', '3-07', 11, 606, 41430431, 3, '21/02/1967', 12),
(1290, 'Baltazar Donis', 'Gustavo Gerardo', '7ma. Avenida', '7-49', 14, 607, 41431034, 3, '20/11/1978', 13),
(1291, 'Bamaca Krische', 'Sergio Leonel', '10ma. Calle', '17-09', 15, 608, 41431235, 1, '17/09/1962', 14),
(1292, 'Barahona Colay', 'Mónica Daphné', '10ma. Calle', '14-75', 16, 609, 41431436, 3, '19/12/1967', 15),
(1293, 'Barahona Colay', 'Fernando Andre', '5ta. Avenida', '6-62', 17, 610, 41431637, 3, '13/04/1976', 16),
(1294, 'Barillas Boch', 'Katherine Gabriela', '5ta. Avenida', '11-20', 19, 611, 41432039, 1, '28/09/1982', 1),
(1295, 'Barillas Morales', 'Mónica José', '2da. Calle', '14-77', 1, 612, 41432441, 1, '20/09/1977', 2),
(1296, 'Barillas Sunuc', 'Mónica José', '3ra. Avenida', '14-78', 3, 613, 41432843, 3, '7/12/1978', 3),
(1297, 'Barrera Morán', 'Andrea', '6ta. Calle', '1-11', 4, 614, 41433044, 1, '8/08/1982', 4),
(1298, 'Barrera Valencia', 'Kevin Estuardo', '7ma. Avenida', '11-52', 5, 701, 41433245, 3, '25/06/1975', 5),
(1299, 'Barrientos López', 'Cindy Lucero', '1ra. Avenida', '3-16', 7, 702, 41433647, 3, '4/02/1980', 6),
(1300, 'Barrientos López', 'Mónica María', '4ta. Calle', '14-79', 8, 703, 41433848, 3, '25/08/1981', 7),
(1301, 'Barrientos Moreno', 'Mynor Enrique', '2da. Calle', '14-87', 10, 704, 41434250, 3, '22/08/1977', 8),
(1302, 'Barrientos Santizo', 'Jessica Melissa', '3ra. Avenida', '8-91', 11, 705, 41434451, 3, '1/10/1981', 9),
(1303, 'Barrios Franco', 'Nancy Andrea', '3ra. Avenida', '15-01', 14, 706, 41435054, 3, '1/06/1982', 10),
(1304, 'Barrios Guerra', 'Cinthia Cristal', '3ra. Avenida', '3-18', 15, 707, 41435255, 3, '15/06/1987', 11),
(1305, 'Barrios Guerra', 'Rigel Andrea', '4ta. Calle', '16-04', 16, 708, 41435456, 1, '26/07/1987', 12),
(1306, 'Barrios Morales', 'Marcos Ricardo', '2da. Calle', '13-23', 17, 709, 41435657, 3, '24/09/1975', 13),
(1307, 'Barrios Ordoñez', 'Sidley Andrea', '3ra. Avenida', '17-22', 19, 710, 41436059, 2, '5/08/1975', 14),
(1308, 'Barrios Rivera', 'Nathaly', '1ra. Avenida', '15-09', 1, 711, 41436461, 3, '10/04/1979', 15),
(1309, 'Barrios Sandoval', 'Jose Guillermo', '1ra. Avenida', '9-65', 3, 712, 41436863, 3, '17/01/2009', 16),
(1310, 'Barrios Tiu', 'Ana Lucía', '1ra. Avenida', '4-51', 4, 713, 41437064, 3, '5/09/1972', 1),
(1311, 'Batres Estrada', 'Claudia Maria', '7ma. Avenida', '3-22', 5, 714, 41437265, 3, '30/06/1980', 2),
(1312, 'Batres Garay', 'Maysun Ali', '9na. Avenida', '14-34', 7, 715, 41437667, 3, '30/09/1985', 3),
(1313, 'Batres Solórzano', 'Elvia Andrea', '3ra. Avenida', '5-87', 8, 716, 41437868, 3, '23/02/1984', 4),
(1314, 'Batz Gómez', 'Naria Alejandra', '10ma. Calle', '15-08', 10, 717, 41438270, 3, '20/02/1964', 5),
(1315, 'Batz Gómez', 'Angello Estuardo', '9na. Avenida', '1-44', 11, 718, 41438471, 3, '10/12/1980', 6),
(1316, 'Bautista Ortiz', 'Angel Antonio', '2da. Calle', '1-37', 14, 719, 41439074, 3, '19/09/1979', 7),
(1317, 'Benavente Chacón', 'Oscar René', '4ta. Calle', '15-42', 15, 801, 41439275, 2, '12/06/1984', 8),
(1318, 'Benítez Morán', 'Werner Alejandro', '9na. Avenida', '18-42', 16, 802, 41439476, 3, '26/06/1971', 9),
(1319, 'Berdúo', 'Oscar Ricardo', '6ta. Calle', '15-44', 17, 803, 41439677, 3, '12/01/1972', 10),
(1320, 'Bernardino Ambrocio', 'Oscar Roberto', '7ma. Avenida', '15-45', 19, 804, 41440079, 3, '5/01/1982', 11),
(1321, 'Beteta Xoy', 'Cristian Josué', '1ra. Avenida', '3-36', 1, 805, 41440481, 3, '31/12/1972', 12),
(1322, 'Blanco Herrera', 'Andrea Isabel', '7ma. Avenida', '1-22', 3, 806, 41440883, 3, '22/09/1970', 13),
(1323, 'Boche Alvarado', 'Otto René', '5ta. Avenida', '15-53', 4, 807, 41441084, 3, '28/12/1976', 14),
(1324, 'Boche Ilobares', 'Christian Fernando', '6ta. Calle', '3-01', 5, 808, 41441285, 1, '9/11/1976', 15),
(1325, 'Bolaños Castellanos', 'Dulce Maria', '2da. Calle', '5-26', 7, 901, 41441687, 3, '15/02/1985', 16),
(1326, 'Bolaños Corado', 'Gabriela María', '9na. Avenida', '7-01', 8, 902, 41441888, 3, '23/11/1976', 1),
(1327, 'Bolaños Orantes', 'José Leopoldo', '10ma. Calle', '9-74', 10, 903, 41442290, 3, '22/02/1988', 2),
(1328, 'Bolaños Rosales', 'Paty', '8va. Calle', '15-66', 11, 904, 41442491, 2, '10/06/1974', 3),
(1329, 'Boror López', 'Paul Andres', '10ma. Calle', '15-68', 14, 905, 41443094, 3, '18/09/1980', 4),
(1330, 'Briones López', 'Pedro Gonzalo De Jesús', '7ma. Avenida', '15-75', 18, 906, 41443898, 3, '19/03/1978', 5),
(1331, 'Cabrera', 'Ana Lucrecia', '5ta. Avenida', '4-55', 1, 907, 41444501, 3, '14/07/1982', 6),
(1332, 'Cabrera Ávila', 'Pedro Pablo', '9na. Avenida', '15-77', 2, 908, 41444702, 2, '8/11/1987', 7),
(1333, 'Cabrera Ávila', 'Jarrol Evanni Josué', '4ta. Calle', '8-42', 3, 909, 41444903, 3, '15/01/1984', 8),
(1334, 'Cabrera Caraballo', 'Jennifer Masiel', '2da. Calle', '8-80', 4, 910, 41445104, 2, '18/10/1985', 9),
(1335, 'Cabrera Guzmán', 'Diego José', '10ma. Calle', '5-14', 6, 911, 41445506, 3, '25/01/1968', 10),
(1336, 'Cáceres Rivera', 'Sergio Hiram', '9na. Avenida', '17-08', 8, 912, 41445908, 3, '12/06/1973', 11),
(1337, 'Calderón Avila', 'Josué Alejandro', '9na. Avenida', '10-26', 10, 913, 41446310, 3, '28/09/1974', 12),
(1338, 'Calderón Cardona', 'Vivian Zussette', '9na. Avenida', '18-22', 11, 914, 41446511, 2, '5/10/1974', 13),
(1339, 'Calderón Cardona', 'Alejandro José', '4ta. Calle', '4-14', 12, 915, 41446712, 3, '11/03/1975', 14),
(1340, 'Calderón Motta', 'Derek Eduardo', '9na. Avenida', '5-03', 14, 916, 41447114, 2, '21/10/1965', 15),
(1341, 'Calderón Navas', 'Daniela', '8va. Calle', '3-63', 15, 917, 41447315, 1, '13/08/1983', 16),
(1342, 'Calderón Roldán', 'Eskarleth Sujey', '6ta. Calle', '6-33', 17, 918, 41447717, 2, '2/05/1965', 1),
(1343, 'Calderón Tanchez', 'José Ricardo', '8va. Calle', '10-05', 18, 919, 41447918, 3, '26/06/1988', 2),
(1344, 'Camey Barrios', 'Marco Antonio', '8va. Calle', '13-19', 1, 920, 41448521, 3, '5/03/1981', 3),
(1345, 'Campollo Rivera', 'Daniela Cristina', '9na. Avenida', '3-64', 2, 921, 41448722, 3, '8/04/1973', 4),
(1346, 'Campos De León', 'Rony Stuardo', '9na. Avenida', '16-19', 3, 922, 41448923, 3, '3/11/1984', 5),
(1347, 'Campos Escobar', 'Javier Andres', '2da. Calle', '8-50', 4, 923, 41449124, 3, '4/03/1965', 6),
(1348, 'Campos Sazo', 'Nina Valeria', '9na. Avenida', '15-17', 6, 924, 41449526, 3, '3/12/2009', 7),
(1349, 'Canel Gutiérrez', 'Leslie Odalys', '9na. Avenida', '11-94', 8, 1001, 41449928, 3, '28/01/1969', 8),
(1350, 'Caniz López', 'Santiago Andrés', '5ta. Avenida', '16-55', 10, 1002, 41450330, 3, '20/12/1959', 9),
(1351, 'Caniz López', 'Rebeca Maria Del Carmen', '7ma. Avenida', '15-85', 11, 1003, 41450531, 3, '5/10/1982', 10),
(1352, 'Cano Diaz', 'Daphne', '4ta. Calle', '3-69', 12, 1004, 41450732, 1, '27/05/1980', 11),
(1353, 'Cano Diaz', 'Sathya Verónica', '6ta. Calle', '16-66', 14, 1005, 41451134, 3, '29/04/1981', 12),
(1354, 'Cano Echeverria', 'Andrea Mariela', '5ta. Avenida', '1-30', 15, 1006, 41451335, 1, '31/10/1985', 13),
(1355, 'Canté Alvarez', 'Anaite Del Rosario', '1ra. Avenida', '1-06', 17, 1007, 41451737, 3, '5/01/1982', 14),
(1358, 'Cap González', 'Selvin Iván', '2da. Calle', '17-01', 18, 1008, 41451938, 3, '30/06/1983', 15),
(1359, 'Cardona Larios', 'Chad Morony Alejandro', '1ra. Avenida', '2-86', 1, 1009, 41452541, 3, '3/06/1981', 16),
(1360, 'Cardona Lemus', 'Sergio Eduardo', '7ma. Avenida', '17-06', 2, 1010, 41452742, 3, '14/02/1980', 1),
(1361, 'Cardona Ramos', 'Katerine', '9na. Avenida', '11-14', 3, 1011, 41452943, 1, '23/04/1974', 2),
(1362, 'Carías Morales', 'Jorge Rodrigo', '6ta. Calle', '9-40', 4, 1012, 41453144, 3, '22/04/1979', 3),
(1363, 'Carranza Barrios', 'Josué Roberto', '9na. Avenida', '10-36', 6, 1013, 41453546, 1, '10/03/1980', 4),
(1364, 'Carrera Aguilar', 'Heidy Carolina', '10ma. Calle', '7-62', 8, 1014, 41453948, 2, '23/01/1971', 5),
(1365, 'Carrera Alvarez', 'Stephany Alejandra', '5ta. Avenida', '17-44', 10, 1015, 41454350, 3, '4/11/1967', 6),
(1366, 'Carrera Pérez', 'Luis Enrique', '1ra. Avenida', '12-50', 11, 1016, 41454551, 3, '11/04/1984', 7),
(1367, 'Carrillo', 'Sthefanie Ana Lucia', '10ma. Calle', '17-49', 12, 1017, 41454752, 3, '25/07/1971', 8),
(1368, 'Carrillo Orellana', 'José Damian', '3ra. Avenida', '9-57', 14, 1018, 41455154, 3, '3/11/1984', 9),
(1369, 'Carrillo Orellana', 'Margarita Del Rosario', '5ta. Avenida', '13-26', 15, 1019, 41455355, 3, '17/07/1987', 10),
(1370, 'Castañeda Argueta', 'Josue Daniel', '10ma. Calle', '10-27', 17, 1020, 41455757, 3, '20/08/1986', 11),
(1371, 'Castañeda Sánchez', 'Denisse Michell', '5ta. Avenida', '3-90', 18, 1101, 41455958, 3, '20/01/1983', 12),
(1372, 'Castellanos Fuentes', 'Sung Min', '3ra. Avenida', '17-52', 1, 1102, 41456561, 3, '8/10/1979', 13),
(1373, 'Castellanos Pérez', 'Katherine Madeleine', '6ta. Calle', '11-21', 5, 1103, 41457365, 1, '11/09/1980', 14),
(1374, 'Castillo Arana', 'Mayra Alejandra', '3ra. Avenida', '14-28', 8, 1104, 41457968, 3, '11/05/1983', 15),
(1375, 'Castillo Arreaga', 'Veronica Ana Gabriela', '4ta. Calle', '18-07', 9, 1105, 41458169, 3, '13/03/1989', 16),
(1376, 'Castillo Arreaga', 'Julio Eduardo', '2da. Calle', '10-59', 10, 1106, 41458370, 1, '3/05/1975', 1),
(1377, 'Castillo Chamalé', 'Oscar Steve', '8va. Calle', '15-46', 12, 1107, 41458772, 3, '22/10/1979', 2),
(1378, 'Castillo Falla', 'Arleth Saraí', '9na. Avenida', '1-54', 14, 1108, 41459174, 3, '18/01/1982', 3),
(1379, 'Castillo Lima', 'Verónica Zephaniah', '5ta. Avenida', '18-08', 16, 1109, 41459576, 2, '30/01/1988', 4),
(1380, 'Castillo Mancilla', 'Engy Maryhan', '3ra. Avenida', '6-10', 17, 1201, 41459777, 1, '19/09/1977', 5),
(1381, 'Castillo Monroy', 'Edson David', '6ta. Calle', '5-50', 18, 1202, 41459978, 2, '5/05/1987', 6),
(1382, 'Castillo Monterroso', 'Karen', '8va. Calle', '10-65', 21, 1203, 41460380, 1, '3/09/1989', 7),
(1383, 'Castillo Paiz', 'Rudy Daniel', '6ta. Calle', '16-36', 1, 1204, 41460581, 1, '2/02/1971', 8),
(1384, 'Castillo Zamora', 'Gladys Mishelle', '9na. Avenida', '7-31', 3, 1205, 41460983, 3, '19/04/1987', 9),
(1385, 'Castro Abal', 'Luz Mary', '3ra. Avenida', '13-04', 4, 1206, 41461184, 3, '11/10/1985', 10),
(1386, 'Castro Florian', 'Rubí Esmeralda', '2da. Calle', '16-32', 7, 1207, 41461787, 1, '4/01/1975', 11),
(1387, 'Castro Mejía', 'Andrea Estéfanie', '3ra. Avenida', '1-18', 8, 1208, 41461988, 1, '22/02/1985', 12),
(1388, 'Catalán Barrios', 'Pablo Andrés', '9na. Avenida', '15-57', 9, 1209, 41462189, 1, '16/01/1980', 13),
(1389, 'Catalán Cardona', 'Vivian Del Rosario', '8va. Calle', '18-21', 10, 1210, 41462390, 3, '27/05/1989', 14),
(1390, 'Cedeño Gerónimo', 'Lucia Marisol', '1ra. Avenida', '12-20', 12, 1211, 41462792, 3, '9/01/1972', 15),
(1391, 'Cerezo Quiñónez', 'Marco Vinicio Isaias', '1ra. Avenida', '13-22', 14, 1212, 41463194, 3, '31/01/1981', 16),
(1392, 'Chacón', 'Victoria Alejandra', '1ra. Avenida', '18-14', 16, 1213, 41463596, 3, '5/02/1983', 1),
(1393, 'Chacón Morales', 'Jacqueline Rubí', '5ta. Avenida', '8-33', 17, 1214, 41463797, 3, '8/12/1984', 2),
(1394, 'Chávez Gálvez', 'Yesika Andrea', '1ra. Avenida', '18-64', 18, 1215, 41463998, 3, '25/02/1983', 3),
(1395, 'Chávez Guerra', 'Yury Kratzey', '1ra. Avenida', '18-74', 21, 1216, 41464400, 3, '28/01/1966', 4),
(1396, 'Chávez Madrid', 'Monica Isabel', '1ra. Avenida', '14-76', 1, 1217, 41464601, 3, '11/01/1988', 5),
(1397, 'Chávez Paz', 'Diego Humberto', '9na. Avenida', '5-13', 3, 1218, 41465003, 3, '26/03/1980', 6),
(1398, 'Chaw Morales', 'Daniel Abraham', '10ma. Calle', '3-55', 4, 1219, 41465204, 1, '19/12/1986', 7),
(1399, 'Chén', 'Olga María', '4ta. Calle', '15-22', 7, 1220, 41465807, 2, '28/05/1974', 8),
(1400, 'Chén', 'José Isaias', '5ta. Avenida', '9-69', 8, 1221, 41466008, 3, '27/07/1989', 9),
(1401, 'Chicas Flores', 'Allan Andree', '2da. Calle', '4-32', 9, 1222, 41466209, 3, '24/10/1980', 10),
(1402, 'Chich Vicente', 'Diego Antonio', '6ta. Calle', '5-10', 10, 1223, 41466410, 3, '21/10/1969', 11),
(1403, 'Chilin Cruz', 'Christian René', '3ra. Avenida', '3-08', 12, 1224, 41466812, 3, '22/03/1976', 12),
(1404, 'Chinchilla Escribá', 'Ana Regina', '1ra. Avenida', '4-61', 14, 1225, 41467214, 3, '17/02/1976', 13),
(1405, 'Chinchilla Reyes', 'Héctor Alexéi', '5ta. Avenida', '7-57', 16, 1226, 41467616, 1, '27/11/1974', 14),
(1406, 'Chivalan Ajpop', 'Javier Adolfo', '9na. Avenida', '8-47', 17, 1227, 41467817, 2, '28/11/1983', 15),
(1407, 'Chó Lobos', 'Andrea Isabel', '8va. Calle', '1-23', 18, 1228, 41468018, 1, '23/12/1987', 16),
(1408, 'Choc', 'Miriam Sofía', '1ra. Avenida', '14-66', 21, 1229, 41468420, 3, '28/10/1982', 1),
(1409, 'Choc Poncio', 'Edgar Alberto', '2da. Calle', '5-36', 1, 1301, 41468621, 3, '10/02/1980', 2),
(1410, 'Chun Coy', 'Dannah Melissa', '2da. Calle', '3-67', 3, 1302, 41469023, 3, '24/10/1982', 3),
(1411, 'Chun Tuchez', 'Andrea Gabriela', '4ta. Calle', '1-19', 4, 1303, 41469224, 3, '2/09/1983', 4),
(1412, 'Cifuentes Bámaca', 'Ana Yazmin', '5ta. Avenida', '4-65', 7, 1304, 41469827, 3, '22/03/1984', 5),
(1413, 'Colop Ramírez', 'Aldo Leonel', '1ra. Avenida', '4-11', 11, 1305, 41470631, 2, '2/11/1982', 6),
(1414, 'Corado Barillas', 'María Ximena', '8va. Calle', '13-69', 14, 1306, 41471234, 3, '8/03/1981', 7),
(1415, 'Corado Castillo', 'Hyo Jin', '8va. Calle', '8-06', 15, 1307, 41471435, 3, '13/09/1971', 8),
(1416, 'Cordero García', 'Eduardo José', '10ma. Calle', '5-54', 16, 1308, 41471636, 3, '15/12/1982', 9),
(1417, 'Cordova Veliz', 'Iván Josué', '6ta. Calle', '8-24', 18, 1309, 41472038, 3, '1/06/1973', 10),
(1418, 'Coronado Roche', 'Jamie Noé', '9na. Avenida', '8-37', 21, 1310, 41472440, 3, '25/12/1981', 11),
(1419, 'Cortéz Calderón', 'Jeong Eun', '8va. Calle', '8-86', 2, 1311, 41472842, 3, '12/09/1980', 12),
(1420, 'Cos Xalín', 'Sotaro Arnoldo', '1ra. Avenida', '17-40', 3, 1312, 41473043, 3, '28/08/1973', 13),
(1421, 'Cosillo Callejas', 'María Fernanda', '4ta. Calle', '13-45', 4, 1313, 41473244, 2, '26/02/1986', 14),
(1422, 'Coxaj Armas', 'Edwin Alfredo', '5ta. Avenida', '5-59', 6, 1314, 41473646, 3, '25/10/1986', 15),
(1423, 'Coyoy López', 'Yahel Alfredo', '2da. Calle', '18-55', 7, 1315, 41473847, 3, '20/10/1976', 16),
(1424, 'Crespo Estrada', 'Herbert Fernando', '4ta. Calle', '7-76', 9, 1316, 41474249, 3, '27/01/1972', 1),
(1425, 'Cristobal García', 'Andrea Alejandra', '7ma. Avenida', '1-12', 10, 1317, 41474450, 3, '3/04/1975', 2),
(1426, 'Cruz García', 'Edwin Emmanuel', '6ta. Calle', '5-60', 13, 1318, 41475053, 1, '20/04/1968', 3),
(1427, 'Cruz Hernandez', 'Jackeline Fabiola', '7ma. Avenida', '8-25', 14, 1319, 41475254, 1, '13/10/1988', 4),
(1428, 'Cruz Herrera', 'Seon Gyeong', '5ta. Avenida', '17-04', 15, 1320, 41475455, 3, '1/03/2009', 5),
(1429, 'Cruz Rodriguez', 'Francisco Javier', '1ra. Avenida', '6-78', 16, 1321, 41475656, 3, '14/12/1979', 6),
(1430, 'Cruz Ruano', 'Raymond Andres', '6ta. Calle', '15-84', 18, 1322, 41476058, 3, '15/01/1979', 7),
(1431, 'Crúz Y Crúz', 'Andrea Guicela', '6ta. Calle', '1-21', 21, 1323, 41476460, 3, '15/02/1985', 8),
(1432, 'Cuellar Coroy', 'Emilce Azucena', '9na. Avenida', '6-06', 2, 1324, 41476862, 3, '26/03/1983', 9),
(1433, 'Cuéllar Lique', 'Juan Raúl', '2da. Calle', '10-49', 3, 1325, 41477063, 1, '27/08/1972', 10),
(1434, 'Cuín López', 'Mariandre', '10ma. Calle', '13-71', 4, 1326, 41477264, 3, '14/04/1980', 11),
(1435, 'Culajay Ramirez', 'Paula Jimena', '1ra. Avenida', '15-69', 6, 1327, 41477666, 1, '12/02/1963', 12),
(1436, 'Culajay Recinos', 'Heydi María', '2da. Calle', '7-84', 7, 1328, 41477867, 2, '26/04/1986', 13),
(1437, 'Culajay Rivera', 'Iris Dánae', '8va. Calle', '8-16', 9, 1329, 41478269, 1, '14/04/1975', 14),
(1438, 'Cuy Bixcul', 'Pedro Pablo', '10ma. Calle', '15-78', 10, 1330, 41478470, 2, '3/10/1976', 15),
(1439, 'Damián Mox', 'Ricardo Javier', '3ra. Avenida', '16-03', 13, 1331, 41479073, 1, '16/07/1978', 16),
(1440, 'Dardón Molina', 'Jennyfer Estefany', '6ta. Calle', '8-84', 14, 1401, 41479274, 1, '15/01/1982', 1),
(1441, 'Dardón Molina', 'Luis Carlos', '9na. Avenida', '12-38', 15, 1402, 41479475, 2, '16/02/1985', 2),
(1442, 'Dávila Cifuentes', 'Jhonatan José', '8va. Calle', '9-02', 16, 1403, 41479676, 1, '3/11/1975', 3),
(1443, 'Dávila Corado', 'José Luis', '2da. Calle', '9-76', 18, 1404, 41480078, 1, '16/12/1979', 4),
(1444, 'Davila Veliz', 'Denys Del Rosario', '7ma. Avenida', '5-01', 21, 1405, 41480480, 1, '6/05/1987', 5),
(1445, 'De La Cruz Quiñonez', 'David Antonio', '1ra. Avenida', '3-76', 2, 1406, 41480882, 3, '17/03/1984', 6),
(1446, 'De La Cruz Quiñonez', 'Luis Pedro', '3ra. Avenida', '12-72', 3, 1407, 41481083, 3, '12/04/1978', 7),
(1447, 'De La Fuente Jacobo', 'Dulce María', '3ra. Avenida', '5-27', 4, 1408, 41481284, 3, '7/06/1960', 8),
(1448, 'De León Archila', 'Jenniffer Patricia', '5ta. Avenida', '8-83', 6, 1409, 41481686, 3, '5/12/1968', 9),
(1449, 'De León Cabrera', 'Erick Alexander', '6ta. Calle', '6-13', 7, 1410, 41481887, 3, '10/02/1971', 10),
(1450, 'De León Córdova', 'Zonia Krisbell', '6ta. Calle', '18-79', 9, 1411, 41482289, 3, '30/12/1974', 11),
(1451, 'De León García', 'Bryan Antonio', '9na. Avenida', '2-34', 10, 1412, 41482490, 3, '3/06/1975', 12),
(1452, 'De León Mogollón', 'Alan Andrés', '7ma. Avenida', '4-07', 13, 1413, 41483093, 3, '28/03/1982', 13),
(1453, 'De Paz Barrientos', 'Andrea Isabel', '9na. Avenida', '1-24', 17, 1414, 41483897, 3, '21/02/1984', 14),
(1454, 'De Paz Navas', 'Allan Rogelio', '5ta. Avenida', '4-35', 21, 1415, 41484500, 3, '29/08/1981', 15),
(1455, 'De Paz Navas', 'Rodrigo Estuardo', '3ra. Avenida', '16-13', 1, 1416, 41484701, 3, '6/06/1982', 16),
(1456, 'De Paz Navas', 'Stefanie Michelle', '2da. Calle', '17-41', 2, 1417, 41484902, 3, '22/03/1974', 1),
(1457, 'De Paz Tinoco', 'Erik Renato', '10ma. Calle', '6-27', 4, 1418, 41485304, 3, '12/10/1985', 2),
(1458, 'Del Cid Carias', 'Leonel Enrique', '7ma. Avenida', '11-92', 6, 1419, 41485706, 3, '15/05/1975', 3),
(1459, 'Del Pinal Lanz', 'Luis Pablo', '1ra. Avenida', '12-70', 8, 1420, 41486108, 3, '21/09/1972', 4),
(1460, 'Del Valle Barco', 'Rocío Natividad', '10ma. Calle', '16-10', 9, 1421, 41486309, 3, '7/08/1980', 5),
(1461, 'Del Valle Barco', 'Astrid Guadalupe', '9na. Avenida', '1-64', 10, 1501, 41486510, 3, '7/06/2009', 6),
(1462, 'Del Vecchio Rojas', 'Kevin Joel', '8va. Calle', '11-53', 12, 1502, 41486912, 1, '26/07/1987', 7),
(1463, 'Devaux Cruz', 'Erwin Eugenio', '5ta. Avenida', '6-32', 13, 1503, 41487113, 3, '25/12/1972', 8),
(1464, 'Díaz De León', 'Jhosseline Stefanía', '10ma. Calle', '9-04', 15, 1504, 41487515, 1, '8/10/1977', 9),
(1465, 'Díaz Figueroa', 'Kevin Leonel', '4ta. Calle', '11-59', 16, 1505, 41487716, 3, '12/11/1977', 10),
(1466, 'Díaz Ortiz', 'Kevin André', '2da. Calle', '11-47', 19, 1506, 41488319, 3, '13/05/1975', 11),
(1467, 'Díaz Soberanis', 'Luisa Fernanda', '7ma. Avenida', '12-76', 21, 1507, 41488520, 1, '29/11/1963', 12),
(1468, 'Diaz Suhul', 'Evelyn', '1ra. Avenida', '6-48', 1, 1508, 41488721, 3, '1/04/1984', 13),
(1469, 'Díaz Vásquez', 'Fernando', '2da. Calle', '6-59', 2, 1601, 41488922, 3, '11/01/1973', 14),
(1470, 'Donis Carillo', 'Oscar René', '5ta. Avenida', '15-43', 4, 1602, 41489324, 3, '11/01/1976', 15),
(1471, 'Donis Carrillo', 'Oscar José', '3ra. Avenida', '15-41', 6, 1603, 41489726, 3, '13/01/1979', 16),
(1472, 'Dónis Navarro', 'Carlos André', '8va. Calle', '2-53', 8, 1604, 41490128, 1, '14/03/1988', 1),
(1473, 'Donis Zamora', 'Brenda Melissa', '9na. Avenida', '2-24', 9, 1605, 41490329, 1, '9/01/1984', 2),
(1474, 'Donis Zamora', 'Evelyn Sucely', '6ta. Calle', '6-53', 10, 1606, 41490530, 3, '9/07/1977', 3),
(1475, 'Durán Solís', 'Jonathan Alexander', '6ta. Calle', '9-10', 12, 1607, 41490932, 1, '9/01/1977', 4),
(1476, 'Echeverría Reyes', 'Andrea Janina', '1ra. Avenida', '1-26', 13, 1608, 41491133, 1, '16/09/1976', 5),
(1477, 'Enriquez Urrea', 'Emilio Isaac', '1ra. Avenida', '6-08', 15, 1609, 41491535, 3, '7/11/1977', 6),
(1478, 'Enríquez Velasquez', 'Carlos Alfredo', '6ta. Calle', '2-51', 16, 1610, 41491736, 3, '14/05/1971', 7),
(1479, 'Entair Pitty', 'Katherine Adriana', '1ra. Avenida', '11-16', 19, 1611, 41492339, 3, '26/11/1985', 8),
(1480, 'Erazo Sagastume', 'Henry Emanuel', '8va. Calle', '7-70', 21, 1612, 41492540, 3, '14/10/1984', 9),
(1481, 'Escalante García', 'Denzil Miguel', '8va. Calle', '5-02', 1, 1613, 41492741, 3, '23/11/1973', 10),
(1482, 'Escobar Díaz', 'Jonattan Eduardo', '2da. Calle', '9-16', 2, 1614, 41492942, 3, '30/06/1984', 11),
(1483, 'Escobar Muñoz', 'Alicia Gabriela', '9na. Avenida', '4-29', 4, 1615, 41493344, 3, '4/05/1989', 12),
(1484, 'Escobar Vielman', 'Andrea Guadalupe', '5ta. Avenida', '1-20', 6, 1616, 41493746, 3, '16/11/1987', 13),
(1485, 'Espinoza Rosales', 'Esteban Andres', '7ma. Avenida', '6-34', 8, 1701, 41494148, 3, '28/07/1980', 14),
(1486, 'Esquivel Martínez', 'Jorge Luis', '7ma. Avenida', '9-21', 9, 1702, 41494349, 3, '12/10/1979', 15),
(1487, 'Esquivel Pérez', 'Luisa María', '2da. Calle', '13-03', 10, 1703, 41494550, 3, '14/04/1989', 16),
(1488, 'Esteban Rojas', 'María Jimena', '10ma. Calle', '13-51', 12, 1704, 41494952, 3, '7/05/1979', 1),
(1489, 'Estevez España', 'José Manuel', '5ta. Avenida', '9-79', 13, 1705, 41495153, 3, '16/11/1982', 2),
(1490, 'Estrada Acevedo', 'Flor De María', '1ra. Avenida', '6-68', 15, 1706, 41495555, 3, '24/01/1980', 3),
(1491, 'Estrada Aifán', 'Otto Martín De Jesús', '3ra. Avenida', '15-51', 16, 1707, 41495756, 1, '29/09/1980', 4),
(1492, 'Estrada Moreno', 'Brian Douglas', '2da. Calle', '2-27', 19, 1708, 41496359, 1, '22/12/1965', 5),
(1493, 'Estrada Ramos', 'Francisco Eduardo', '9na. Avenida', '6-76', 3, 1709, 41497163, 3, '27/12/1975', 6),
(1494, 'Estupinian Arevalo', 'Bryan Mauricio', '6ta. Calle', '2-41', 6, 1710, 41497766, 1, '25/04/1977', 7),
(1495, 'Estupinian Arevalo', 'Andres Eduardo', '9na. Avenida', '1-34', 7, 1711, 41497967, 3, '8/03/1986', 8),
(1496, 'Estupinian Arevalo', 'Carlos Amilcar', '7ma. Avenida', '2-52', 8, 1712, 41498168, 3, '11/12/1975', 9),
(1497, 'Evans', 'Andrea Jazmyn', '2da. Calle', '1-27', 10, 1801, 41498570, 3, '12/03/1977', 10),
(1498, 'Fajardo Hernández', 'Ana Ximena', '4ta. Calle', '4-64', 12, 1802, 41498972, 3, '12/11/1977', 11),
(1499, 'Fajardo Hernández', 'María Gabriela', '8va. Calle', '13-49', 14, 1803, 41499374, 3, '20/05/1985', 12),
(1500, 'Farfán Lemus', 'José Rene', '7ma. Avenida', '10-04', 15, 1804, 41499575, 3, '8/09/1967', 13),
(1501, 'Fernandez Alay', 'Rosa María De Los Angeles', '2da. Calle', '16-22', 16, 1805, 41499776, 3, '19/05/1975', 14),
(1502, 'Fernandez Alvarez', 'Barbara Elizabeth', '10ma. Calle', '1-75', 18, 1901, 41500178, 3, '28/02/1973', 15),
(1503, 'Fernández Castillo', 'Allan Estuardo', '3ra. Avenida', '4-33', 19, 1902, 41500379, 3, '11/12/1974', 16),
(1504, 'Fernández Muñoz', 'Gimena Virginia', '3ra. Avenida', '7-25', 1, 1903, 41500781, 3, '14/02/1966', 1),
(1505, 'Fernández Salguero', 'Luis Emanuel', '10ma. Calle', '12-49', 2, 1904, 41500982, 3, '20/07/1979', 2),
(1506, 'Ferrer Morales', 'Bruno Esteve', '5ta. Avenida', '2-30', 5, 1905, 41501585, 3, '8/12/1973', 3),
(1507, 'Figueroa Mucía', 'Rudy Rafael Alejandro', '9na. Avenida', '16-39', 6, 1906, 41501786, 3, '29/12/1982', 4),
(1508, 'Figueroa Noj', 'Byron José', '4ta. Calle', '2-49', 7, 1907, 41501987, 3, '11/12/1976', 5),
(1509, 'Figueroa Noj', 'Glenda Denise', '10ma. Calle', '7-32', 8, 1908, 41502188, 2, '2/02/1978', 6),
(1510, 'Flores', 'Oswaldo René', '2da. Calle', '15-50', 10, 1909, 41502590, 3, '18/05/1978', 7),
(1511, 'Flores Castillo', 'Luis Fernando', '2da. Calle', '12-61', 12, 1910, 41502992, 3, '9/11/1977', 8),
(1512, 'Flores Granados', 'Fernando Alberto', '4ta. Calle', '6-61', 14, 2001, 41503394, 1, '8/06/1978', 9),
(1513, 'Flores Hall', 'Diego Rafael', '2da. Calle', '5-16', 15, 2002, 41503595, 3, '9/02/1978', 10),
(1514, 'Flores Ruano', 'Barbara Nicole', '1ra. Avenida', '1-76', 16, 2003, 41503796, 3, '15/07/1967', 11),
(1515, 'Flores Santos', 'Gustavo Adolfo', '10ma. Calle', '7-42', 18, 2004, 41504198, 3, '10/03/1956', 12),
(1516, 'Florián Carbonell', 'Jackeline Marielena', '8va. Calle', '8-26', 19, 2005, 41504399, 3, '26/05/1982', 13),
(1517, 'Fonsea Franco', 'Fernando Andrés', '6ta. Calle', '6-63', 1, 2006, 41504801, 3, '20/02/1973', 14),
(1518, 'Franco Alonzo', 'Diego Alejandro', '3ra. Avenida', '5-07', 2, 2007, 41505002, 3, '5/04/1976', 15),
(1519, 'Franco Villeda', 'Gustavo Fernando', '6ta. Calle', '7-48', 5, 2008, 41505605, 3, '22/09/1982', 16),
(1520, 'Fuentes Barrera', 'José Arturo', '1ra. Avenida', '9-55', 6, 2009, 41505806, 3, '12/11/1983', 1),
(1521, 'Fuentes Calderón', 'Angela María', '7ma. Avenida', '1-42', 7, 2010, 41506007, 3, '20/01/1973', 2),
(1522, 'Fuentes López', 'Selvin Victorio', '4ta. Calle', '17-03', 8, 2011, 41506208, 3, '20/10/1974', 3),
(1523, 'Fuentes Pineda', 'José Luis', '3ra. Avenida', '9-77', 10, 2101, 41506610, 3, '8/11/1980', 4),
(1525, 'Fuentes Xoná', 'Alan Rolando', '8va. Calle', '4-08', 12, 2102, 41507012, 3, '13/06/1980', 5),
(1526, 'Gabriel Salvador', 'Gloria María', '2da. Calle', '7-34', 14, 2103, 41507414, 3, '1/01/2009', 6),
(1527, 'Gaitan Tinti', 'Luis Fernando', '3ra. Avenida', '12-62', 15, 2104, 41507615, 3, '14/04/1973', 7),
(1528, 'Galeano Arriaza', 'Brandon Aldair', '7ma. Avenida', '2-12', 16, 2105, 41507816, 3, '10/09/1976', 8),
(1529, 'Galicia García', 'Héctor Hugo', '8va. Calle', '7-60', 18, 2106, 41508218, 3, '10/08/1993', 9),
(1530, 'Galindo Escobar', 'Karla Lisette', '10ma. Calle', '11-05', 19, 2107, 41508419, 3, '19/09/1971', 10),
(1531, 'Galindo Ortega', 'Allan Estuardo', '4ta. Calle', '4-34', 1, 2201, 41508821, 3, '20/10/1986', 11),
(1532, 'Galindo Salazar', 'Ana Gabriela', '5ta. Avenida', '4-45', 2, 2202, 41509022, 3, '10/09/1976', 12),
(1533, 'García Aldana', 'María Alejandra', '6ta. Calle', '13-27', 5, 2203, 41509625, 3, '22/04/1985', 13),
(1534, 'García Castaneda', 'Heidy Dalila', '2da. Calle', '7-64', 9, 2204, 41510429, 2, '18/09/1980', 14),
(1535, 'Garcia Flores', 'Eduardo David', '8va. Calle', '5-52', 12, 2205, 41511032, 3, '30/05/1978', 15),
(1536, 'García Galán', 'Elías Rolando', '2da. Calle', '5-76', 13, 2206, 41511233, 3, '2/02/1973', 16),
(1537, 'García García', 'Anahi Veronica', '8va. Calle', '1-03', 14, 2207, 41511434, 3, '4/04/1989', 1),
(1538, 'García Granados', 'Mónica Yojana', '9na. Avenida', '14-84', 16, 2208, 41511836, 3, '2/05/1983', 2),
(1539, 'Garcia Letran', 'Mirian De Jesus', '4ta. Calle', '14-69', 18, 2209, 41512238, 3, '19/10/1964', 3),
(1540, 'García López', 'Dora Nineth', '7ma. Avenida', '5-21', 21, 2210, 41512640, 3, '8/07/1982', 4),
(1541, 'Garcia Mazariegos', 'Sharon Shirley', '3ra. Avenida', '17-12', 1, 2211, 41512841, 3, '27/05/1986', 5),
(1542, 'García Morales', 'Jesica Andrea', '10ma. Calle', '8-88', 2, 2212, 41513042, 3, '1/01/1986', 6),
(1543, 'García Rodas', 'Gabriela Alejandra', '6ta. Calle', '6-83', 4, 2213, 41513444, 3, '1/04/1984', 7),
(1544, 'García Rodríguez', 'Alfredo José', '8va. Calle', '4-28', 5, 2214, 41513645, 3, '26/05/1983', 8),
(1545, 'García Tocaya', 'César Augusto', '5ta. Avenida', '2-80', 8, 2215, 41514248, 3, '30/09/1980', 9),
(1546, 'Garrido Amado', 'Gustavo Adolfo', '1ra. Avenida', '7-43', 11, 2216, 41514851, 1, '23/11/1975', 10),
(1547, 'Garrido Flores', 'Jennifer Andrea', '7ma. Avenida', '8-75', 12, 2217, 41515052, 3, '30/09/1983', 11),
(1548, 'Garzaro Castillo', 'Soraya Marielos', '10ma. Calle', '17-39', 13, 101, 41515253, 3, '22/11/1986', 12),
(1549, 'Gatica Martínez', 'Oseas Obando', '9na. Avenida', '15-47', 14, 102, 41515454, 3, '22/02/1987', 13),
(1550, 'Gil De León', 'Luis Armando', '2da. Calle', '12-31', 16, 103, 41515856, 1, '26/09/1975', 14),
(1551, 'Giron Arriola', 'Elmer Alejandro', '8va. Calle', '5-82', 18, 104, 41516258, 3, '21/02/1964', 15),
(1552, 'Girón Gálvez', 'Emely Rocío', '6ta. Calle', '6-03', 21, 105, 41516660, 3, '9/04/1952', 16),
(1553, 'Girón Garzaro', 'Mónica Noemí', '7ma. Avenida', '14-82', 2, 106, 41517062, 3, '1/04/1983', 1),
(1554, 'Girón Méndez', 'Wilson Jafid', '6ta. Calle', '18-49', 4, 107, 41517464, 3, '18/07/1985', 2),
(1555, 'Girón Méndez', 'Elena Maricruz', '9na. Avenida', '5-73', 5, 108, 41517665, 3, '12/01/1989', 3),
(1556, 'Girón Rojas', 'Wagner José', '3ra. Avenida', '18-26', 7, 109, 41518067, 3, '2/04/1995', 4),
(1557, 'Girón Rojas', 'Arnoldo Amaroli', '2da. Calle', '1-57', 8, 110, 41518268, 1, '19/12/1969', 5),
(1558, 'Godoy Cuellar', 'Vidal Haroldo', '2da. Calle', '18-15', 11, 111, 41518871, 3, '22/07/1986', 6),
(1559, 'Godoy Cuellar', 'Josué Gregorio', '5ta. Avenida', '10-32', 12, 112, 41519072, 3, '23/03/1986', 7),
(1560, 'Godoy Lima', 'Pablo David', '1ra. Avenida', '15-59', 13, 113, 41519273, 3, '20/10/1987', 8),
(1561, 'Godoy Mérida', 'José Ignacio', '3ra. Avenida', '9-67', 14, 114, 41519474, 1, '25/01/1964', 9),
(1562, 'Gómez Cruz', 'Heber Eliseo', '2da. Calle', '7-54', 16, 115, 41519876, 3, '10/08/1970', 10),
(1563, 'Gómez Leiva', 'Mario Enrique', '2da. Calle', '13-83', 18, 116, 41520278, 3, '15/08/1984', 11),
(1564, 'Gómez Martímez', 'Estela', '9na. Avenida', '6-36', 21, 117, 41520680, 3, '1/11/1981', 12),
(1565, 'Gomez Mayorga', 'Brayan Anderson Bosa', '3ra. Avenida', '2-18', 1, 201, 41520881, 1, '16/02/1984', 13),
(1566, 'Gomez Mayorga', 'David Gamaliel', '3ra. Avenida', '3-78', 2, 202, 41521082, 1, '12/08/1967', 14),
(1567, 'Gómez Navarro', 'Oscar Herlindo', '1ra. Avenida', '15-39', 4, 203, 41521484, 3, '29/07/1986', 15),
(1568, 'Gonzáles Chiyal', 'Jorge Diego Alejandro', '2da. Calle', '9-26', 7, 204, 41522087, 1, '2/06/1980', 16),
(1569, 'González Alvarez', 'Daniel Alfredo', '1ra. Avenida', '3-56', 8, 205, 41522288, 3, '10/10/1984', 1),
(1570, 'González González', 'Kevin Andres', '3ra. Avenida', '11-48', 15, 206, 41523695, 3, '18/08/1980', 2),
(1571, 'González Hernández', 'Oliver José', '5ta. Avenida', '15-23', 18, 207, 41524298, 3, '28/12/1970', 3),
(1572, 'González Hernández', 'Cecilia Violeta', '2da. Calle', '2-77', 19, 208, 41524499, 2, '4/05/1987', 4),
(1573, 'González Jolón', 'Luis Angel', '9na. Avenida', '12-28', 21, 301, 41524700, 1, '9/02/1978', 5),
(1574, 'González López', 'Karla Elizabeth', '5ta. Avenida', '10-82', 1, 302, 41524901, 3, '9/05/1974', 6),
(1575, 'González Pardo', 'Carol Yolanda', '6ta. Calle', '2-71', 5, 303, 41525705, 2, '24/01/1983', 7),
(1576, 'González Ramos', 'Reyna Veronica', '10ma. Calle', '15-88', 7, 304, 41526107, 1, '6/02/1981', 8),
(1577, 'Gonzalez Toc', 'Velvet Cristabel', '10ma. Calle', '18-03', 8, 305, 41526308, 3, '23/02/1970', 9),
(1578, 'Gonzalez Vivas', 'Alex Estuardo', '6ta. Calle', '4-16', 9, 306, 41526509, 3, '9/07/1985', 10),
(1579, 'Gramajo Gómez', 'Kimberly Roxana', '5ta. Avenida', '11-80', 11, 307, 41526911, 3, '8/05/1985', 11),
(1580, 'Gramajo Gómez', 'Evitelia Viviana', '8va. Calle', '6-55', 12, 308, 41527112, 3, '9/08/1983', 12),
(1581, 'Grave Montufar', 'Osvin René', '10ma. Calle', '15-48', 14, 309, 41527514, 2, '4/03/1983', 13),
(1582, 'Grijalva Guevara', 'Kenny Anderson', '1ra. Avenida', '11-36', 15, 310, 41527715, 2, '14/01/1983', 14),
(1583, 'Guas Morales', 'Dorli Bexaida', '9na. Avenida', '5-23', 18, 311, 41528318, 1, '25/10/1978', 15),
(1584, 'Guay Rojas', 'Luis Alfredo', '6ta. Calle', '12-25', 19, 312, 41528519, 3, '31/05/1987', 16),
(1585, 'Guay Rojas', 'Juan Sebastian', '3ra. Avenida', '10-50', 21, 313, 41528720, 3, '2/10/1981', 1),
(1586, 'Gudiel Reyes', 'Jesus Francisco', '4ta. Calle', '8-92', 1, 314, 41528921, 3, '15/09/1977', 2),
(1587, 'Guerra Paz', 'César Daniel', '6ta. Calle', '2-81', 3, 315, 41529323, 3, '1/09/1981', 3),
(1588, 'Guerrero Flores', 'Maria De Los Angles', '4ta. Calle', '13-35', 5, 316, 41529725, 3, '27/04/1984', 4),
(1589, 'Guevara Rodríguez', 'Zaqueo Jesús', '3ra. Avenida', '18-76', 7, 401, 41530127, 1, '9/07/1969', 5),
(1590, 'Guevara Rodríguez', 'Luis Fernando', '4ta. Calle', '12-63', 8, 402, 41530328, 3, '28/08/1982', 6),
(1591, 'Guitz Orozco', 'Anthony Javier', '10ma. Calle', '1-45', 9, 403, 41530529, 3, '4/07/1971', 7),
(1592, 'Guox Guix', 'Rubén Ubaldo', '10ma. Calle', '16-30', 11, 404, 41530931, 2, '6/01/1981', 8),
(1593, 'Gutiérrez De León', 'Kimberly Meliza', '9na. Avenida', '11-74', 12, 405, 41531132, 3, '19/06/1961', 9),
(1594, 'Gutierrez Sunuc', 'Orlando Josué', '4ta. Calle', '15-32', 14, 406, 41531534, 3, '27/04/1984', 10),
(1595, 'Gutierrez Sunuc', 'Herman Alonso', '6ta. Calle', '7-78', 15, 407, 41531735, 3, '15/09/1952', 11),
(1596, 'Guzmán Calderón', 'Cristopher Alexander', '5ta. Avenida', '3-40', 18, 408, 41532338, 3, '7/11/1982', 12),
(1597, 'Guzmán Díaz', 'Ruby Ana Luiza', '3ra. Avenida', '16-33', 19, 409, 41532539, 3, '28/10/1977', 13),
(1598, 'Guzmán Jiménez', 'Jefferson Armando', '1ra. Avenida', '8-59', 21, 410, 41532740, 3, '27/05/1985', 14),
(1599, 'Guzmán Jiménez', 'William Geovanny', '2da. Calle', '18-45', 1, 411, 41532941, 1, '30/11/1976', 15),
(1600, 'Guzmán Vidal', 'Herminia Yesenia', '8va. Calle', '7-80', 3, 412, 41533343, 3, '21/02/1973', 16),
(1601, 'Hernández Almirez', 'Jimi Estuardo', '1ra. Avenida', '9-05', 5, 413, 41533745, 3, '26/09/1984', 1),
(1602, 'Hernández Castro', 'Walter Antonio', '6ta. Calle', '18-29', 7, 414, 41534147, 3, '9/05/1961', 2),
(1603, 'Hernández Corado', 'Edwin Rolando', '3ra. Avenida', '5-67', 8, 415, 41534348, 3, '14/11/1976', 3),
(1604, 'Hernández Esturbán', 'Anderson Steve', '3ra. Avenida', '1-08', 9, 416, 41534549, 3, '30/09/1990', 4),
(1605, 'Hernández Fuentes', 'Anai Carolina', '9na. Avenida', '1-04', 11, 501, 41534951, 1, '1/04/1982', 5),
(1606, 'Hernández Garrido', 'Darwin Saul', '6ta. Calle', '3-71', 12, 502, 41535152, 3, '22/09/1984', 6),
(1607, 'Hernández Gómez', 'Melcis Manuel', '6ta. Calle', '14-41', 14, 503, 41535554, 3, '25/01/1954', 7),
(1608, 'Hernández González', 'Jennifer Sucely', '3ra. Avenida', '8-81', 15, 504, 41535755, 1, '21/01/1957', 8),
(1609, 'Hernandez Hernandez', 'Kevin Roberto', '9na. Avenida', '11-64', 18, 505, 41536358, 1, '30/12/1980', 9),
(1610, 'Hernández Muñoz', 'Ana Lucía', '3ra. Avenida', '4-53', 2, 506, 41537162, 3, '3/08/1984', 10),
(1611, 'Hernandez Quiñonez', 'Marylin Guadalupe', '2da. Calle', '14-17', 5, 507, 41537765, 1, '10/01/1974', 11),
(1612, 'Hernandez Quiñonez', 'Daffne Joselyn', '2da. Calle', '3-47', 6, 508, 41537966, 3, '19/07/1958', 12),
(1613, 'Hernandez Reyes', 'Yimy Yeisson', '4ta. Calle', '18-67', 7, 509, 41538167, 1, '24/07/1971', 13),
(1614, 'Hernández Rodriguez', 'Lester Saudy', '5ta. Avenida', '12-04', 8, 510, 41538368, 3, '18/07/1976', 14),
(1615, 'Hernández Sosa', 'Silvia Ana Lucia', '6ta. Calle', '17-25', 10, 511, 41538770, 3, '20/07/1981', 15),
(1616, 'Herrarte', 'Miguelangel', '2da. Calle', '14-57', 12, 512, 41539172, 3, '2/09/1984', 16),
(1617, 'Herrarte Boche', 'Monica María Jóse', '5ta. Avenida', '14-80', 14, 513, 41539574, 3, '19/12/1953', 1),
(1618, 'Herrarte Hernández', 'Hugo Efraín', '5ta. Avenida', '8-03', 15, 601, 41539775, 3, '31/10/1962', 2),
(1619, 'Herrarte Morales', 'Lilian Del Carmen', '9na. Avenida', '12-08', 16, 602, 41539976, 3, '20/01/1988', 3),
(1620, 'Herrera Alvarado', 'Chita Mishel', '2da. Calle', '2-87', 18, 603, 41540378, 3, '4/08/1987', 4),
(1621, 'Herrera Corzo', 'Jurien Sofía', '4ta. Calle', '10-61', 19, 604, 41540579, 3, '6/08/1973', 5),
(1622, 'Herrera Ramírez', 'Christopher Steven', '5ta. Avenida', '3-10', 1, 605, 41540981, 3, '11/02/1966', 6),
(1623, 'Herrera Robles', 'Edgar Ivan', '6ta. Calle', '5-40', 2, 606, 41541182, 3, '1/02/1989', 7),
(1624, 'Herrera Valdez', 'Teodoro Teofilo', '7ma. Avenida', '17-56', 5, 607, 41541785, 3, '26/10/1978', 8),
(1625, 'Horjales Ruíz', 'Mayteé Karla Gabriela', '10ma. Calle', '14-35', 6, 608, 41541986, 3, '7/12/1988', 9),
(1626, 'Huang Li', 'Bryan Geovanny', '2da. Calle', '2-37', 7, 609, 41542187, 3, '12/08/1980', 10),
(1627, 'Hurtarte Domínguez', 'Romeo Ismael', '6ta. Calle', '16-16', 8, 610, 41542388, 3, '28/06/1982', 11),
(1628, 'Ibañez Umanzor', 'Verónica', '2da. Calle', '18-05', 10, 611, 41542790, 3, '17/07/1986', 12),
(1629, 'Illescas Mazariegos', 'Gelga Colombina', '2da. Calle', '7-04', 12, 612, 41543192, 3, '12/05/1988', 13),
(1630, 'Infante Zambrano', 'Rafael', '3ra. Avenida', '15-81', 14, 613, 41543594, 3, '6/05/1985', 14),
(1631, 'Iraheta Diaz', 'Mayra Maudaly', '5ta. Avenida', '14-30', 15, 614, 41543795, 3, '18/03/1983', 15),
(1632, 'Isidro Mejía', 'José Moises', '1ra. Avenida', '9-85', 16, 701, 41543996, 3, '2/10/1987', 16),
(1633, 'Ixpanel García', 'Elida Krimilda', '3ra. Avenida', '5-77', 18, 702, 41544398, 3, '22/07/1985', 1),
(1634, 'Jacobs Orellana', 'Aleyda Asucely', '2da. Calle', '4-22', 19, 703, 41544599, 3, '10/12/1986', 2),
(1635, 'Jarquín Estrada', 'Julio César', '10ma. Calle', '10-57', 1, 704, 41545001, 3, '2/02/1989', 3),
(1636, 'Jee', 'Jeyson Leonardo', '6ta. Calle', '8-94', 2, 705, 41545202, 2, '9/07/1960', 4),
(1637, 'Jiménez Ramírez', 'Darwin Hosny', '5ta. Avenida', '3-70', 5, 706, 41545805, 3, '5/04/1958', 5),
(1638, 'Jiménez Ruiz', 'Elmer Antonio', '10ma. Calle', '5-84', 6, 707, 41546006, 3, '2/09/1964', 6),
(1639, 'Jó Alvarado', 'Dennis Crihstopher Geovanny', '6ta. Calle', '3-91', 7, 708, 41546207, 3, '16/06/1970', 7),
(1640, 'Jocholá Magzúl', 'Evelin Nineth', '10ma. Calle', '6-47', 8, 709, 41546408, 3, '10/02/1984', 8),
(1641, 'Juárez Arauz', 'Madelyn Rosmery', '4ta. Calle', '13-15', 10, 710, 41546810, 3, '7/08/1983', 9),
(1642, 'Juárez Mendoza', 'Bridgeth Bellanim', '4ta. Calle', '2-29', 12, 711, 41547212, 3, '24/07/1981', 10),
(1643, 'Juárez Solórzano', 'Gustavo Adolfo', '2da. Calle', '7-44', 14, 712, 41547614, 3, '21/09/1986', 11),
(1644, 'Juarez Vallejo', 'Wilmar Alexander', '5ta. Avenida', '18-48', 15, 713, 41547815, 3, '30/12/1979', 12),
(1645, 'Kim Kim', 'Luis Miguel', '9na. Avenida', '12-68', 16, 714, 41548016, 3, '6/01/1974', 13),
(1646, 'Kim Moon', 'Kevin Renato', '8va. Calle', '11-63', 18, 715, 41548418, 3, '15/01/1981', 14),
(1647, 'Kwon Shon', 'Brenda Magaly', '8va. Calle', '2-23', 19, 716, 41548619, 3, '16/11/1989', 15),
(1648, 'Lancerio Marrero', 'George Nelson Alexander', '6ta. Calle', '7-08', 1, 717, 41549021, 3, '1/06/1988', 16),
(1649, 'Lara Rodriguez', 'Edwin Marcelino', '10ma. Calle', '5-64', 2, 718, 41549222, 3, '5/08/1977', 1),
(1650, 'Leal Samayoa', 'Gerson Bladimir', '6ta. Calle', '7-18', 5, 719, 41549825, 3, '10/02/1973', 2),
(1651, 'León Elvira', 'Walter Eduardo', '8va. Calle', '18-31', 9, 801, 41550629, 1, '17/01/1963', 3),
(1652, 'Leonardo Barrios', 'Sebastiana', '9na. Avenida', '16-69', 12, 802, 41551232, 3, '1/04/1994', 4),
(1653, 'Leonardo Rodríguez', 'Doris Alejandra', '8va. Calle', '5-22', 13, 803, 41551433, 3, '31/12/2015', 5),
(1654, 'Leonardo Rodríguez', 'Josué Misaelh', '8va. Calle', '10-35', 14, 804, 41551634, 3, '18/08/1977', 6),
(1655, 'Li Bermúdez', 'Pedro', '4ta. Calle', '15-72', 15, 805, 41551835, 3, '5/09/1980', 7),
(1656, 'Lima López', 'Banmer Mardoqueo', '9na. Avenida', '1-74', 17, 806, 41552237, 3, '10/10/1972', 8),
(1657, 'Lool Luch', 'Henry Danilo', '7ma. Avenida', '7-69', 19, 807, 41552639, 2, '1/06/1971', 9),
(1658, 'López', 'Dolman Alexander', '4ta. Calle', '5-18', 1, 808, 41553041, 3, '12/08/1979', 10),
(1659, 'López', 'Genaro', '4ta. Calle', '7-06', 2, 901, 41553242, 3, '27/07/1980', 11),
(1660, 'López', 'Luis Alberto', '5ta. Avenida', '12-24', 3, 902, 41553443, 3, '31/10/1977', 12),
(1661, 'López Acevedo', 'Joyner Fineas', '10ma. Calle', '10-37', 5, 903, 41553845, 3, '27/11/1979', 13),
(1662, 'López Aldana', 'Mardoqueo', '3ra. Avenida', '13-24', 6, 904, 41554046, 3, '10/06/1976', 14),
(1663, 'López Alvarez', 'Carlos Eduardo', '2da. Calle', '2-57', 8, 905, 41554448, 1, '3/05/1983', 15),
(1664, 'López Barillas', 'Carlos Enrique', '4ta. Calle', '2-59', 9, 906, 41554649, 3, '1/01/1983', 16),
(1665, 'López Cano', 'Kenny Jackshua', '3ra. Avenida', '11-38', 12, 907, 41555252, 3, '28/04/1967', 1),
(1666, 'López Castillo', 'Delmy Arely', '1ra. Avenida', '3-86', 13, 908, 41555453, 3, '26/11/1988', 2),
(1667, 'López Colón', 'Mario Alfredo', '6ta. Calle', '13-77', 14, 909, 41555654, 1, '23/10/1966', 3),
(1668, 'López Cordón', 'Luis Alfredo', '7ma. Avenida', '12-26', 15, 910, 41555855, 1, '24/08/1957', 4),
(1669, 'López Donis', 'Sindi Rocío', '2da. Calle', '17-31', 17, 911, 41556257, 3, '18/12/1984', 5),
(1670, 'López Estacuy', 'Aida', '6ta. Calle', '4-06', 19, 912, 41556659, 3, '15/03/1985', 6),
(1671, 'López García', 'Miguel Antonio', '9na. Avenida', '14-54', 1, 913, 41557061, 3, '14/05/1984', 7),
(1672, 'López García', 'Alida Anabela', '10ma. Calle', '4-30', 2, 914, 41557262, 3, '3/07/1975', 8),
(1673, 'Lopez Garza', 'David Moroni', '6ta. Calle', '3-81', 3, 915, 41557463, 3, '3/05/1982', 9),
(1674, 'López González', 'Daniel Estuardo', '6ta. Calle', '3-61', 5, 916, 41557865, 3, '7/08/1984', 10),
(1675, 'López Hernández', 'Kevin Adriel', '9na. Avenida', '11-44', 6, 917, 41558066, 3, '7/08/1977', 11),
(1676, 'López Hernández', 'Dionicio Bernardo', '3ra. Avenida', '5-17', 8, 918, 41558468, 3, '16/11/1982', 12),
(1677, 'López Hernández', 'Maynor Abisaí', '2da. Calle', '14-27', 9, 919, 41558669, 3, '23/02/1972', 13),
(1678, 'López Juárez', 'Jesika Mishel', '1ra. Avenida', '8-89', 12, 920, 41559272, 1, '2/06/1976', 14),
(1679, 'López Lima', 'Deisi Suceli', '9na. Avenida', '3-84', 13, 921, 41559473, 3, '12/11/1982', 15),
(1680, 'Lopez López', 'Eulalia Antonieta', '6ta. Calle', '6-43', 14, 922, 41559674, 3, '25/05/1965', 16),
(1681, 'López Marroquin', 'Juan Carlos', '3ra. Avenida', '10-40', 15, 923, 41559875, 3, '28/02/1978', 1),
(1682, 'López Mateo', 'Milvia Lorena', '7ma. Avenida', '14-62', 17, 924, 41560277, 3, '19/09/1979', 2),
(1683, 'López Méndez', 'Carlos Israel', '9na. Avenida', '2-64', 19, 1001, 41560679, 3, '2/02/1987', 3),
(1684, 'López Oxom', 'José Miguel', '9na. Avenida', '9-83', 1, 1002, 41561081, 2, '20/06/1983', 4),
(1685, 'López Padilla', 'Josselyn Pamela', '5ta. Avenida', '10-22', 2, 1003, 41561282, 3, '20/10/1987', 5),
(1686, 'López Ramírez', 'Sandra Leticia', '1ra. Avenida', '16-51', 3, 1004, 41561483, 3, '9/02/1985', 6),
(1687, 'López Rodriguez', 'Wilder Santiago', '10ma. Calle', '18-43', 5, 1005, 41561885, 2, '17/07/1969', 7),
(1688, 'López Rodríguez', 'Evelin Bricely', '8va. Calle', '6-45', 6, 1006, 41562086, 2, '21/03/1986', 8),
(1689, 'López Tello', 'Ingrid Noemi', '4ta. Calle', '8-12', 8, 1007, 41562488, 1, '8/09/1976', 9),
(1690, 'López Tello', 'Yadira Amairany', '9na. Avenida', '18-52', 9, 1008, 41562689, 3, '28/02/1987', 10),
(1691, 'Luis', 'Rudy Noé', '8va. Calle', '16-38', 12, 1009, 41563292, 3, '7/11/1979', 11),
(1692, 'Mak Li', 'Bayron Vinicio', '6ta. Calle', '2-01', 16, 1010, 41564096, 3, '30/09/1979', 12),
(1693, 'Maldonado Herrera', 'Rosa Elvira', '1ra. Avenida', '16-21', 19, 1011, 41564699, 3, '3/09/1989', 13),
(1694, 'Maldonado López', 'María Teresa', '4ta. Calle', '13-65', 21, 1012, 41564900, 3, '27/05/1986', 14),
(1695, 'Maldonado López', 'Andrea Celeste', '8va. Calle', '1-13', 1, 1013, 41565101, 1, '11/04/1974', 15),
(1696, 'Maldonado Silva', 'Edwin Geovanni', '9na. Avenida', '5-63', 3, 1014, 41565503, 1, '4/04/1990', 16);
INSERT INTO `ciudadano` (`codigo`, `apellido`, `nombre`, `calle_avenida`, `numero_casa`, `zona`, `codigomuni`, `notelmovil`, `empresacel`, `fechanac`, `nivel_academico`) VALUES
(1698, 'Marcos Crispin', 'Blanca Estela', '5ta. Avenida', '2-10', 5, 1015, 41565905, 3, '23/06/1977', 1),
(1699, 'Marroquín Archila', 'Alex Geovanni', '8va. Calle', '4-18', 7, 1016, 41566307, 1, '4/04/1971', 2),
(1700, 'Marroquín Bonilla', 'Ana Maribel', '7ma. Avenida', '4-57', 8, 1017, 41566508, 3, '20/10/1967', 3),
(1701, 'Marroquín Bran', 'Ana Lucia', '9na. Avenida', '4-49', 9, 1018, 41566709, 3, '17/04/1979', 4),
(1702, 'Marroquín Del Cid', 'Isaías', '2da. Calle', '8-20', 11, 1019, 41567111, 3, '7/11/2009', 5),
(1703, 'Marroquín Del Cid', 'Zoila', '5ta. Avenida', '18-78', 12, 1020, 41567312, 3, '26/04/1982', 6),
(1704, 'Marroquín Mendoza', 'Hary Amilcar', '1ra. Avenida', '7-53', 14, 1101, 41567714, 3, '1/12/1982', 7),
(1705, 'Marroquín Vasquez', 'Vidalia', '4ta. Calle', '18-17', 15, 1102, 41567915, 3, '28/01/1988', 8),
(1706, 'Martínez Camey', 'Jeremias Leodan', '9na. Avenida', '8-87', 18, 1103, 41568518, 3, '5/01/1962', 9),
(1707, 'Martinez Del Cid', 'Sara Eunice', '1ra. Avenida', '16-61', 19, 1104, 41568719, 3, '27/07/1966', 10),
(1708, 'Martinez Ordoñez', 'Bryan Alexander', '7ma. Avenida', '2-32', 21, 1105, 41568920, 3, '3/04/1986', 11),
(1709, 'Martinez Ralda', 'Ada Ayaseni', '2da. Calle', '4-02', 1, 1106, 41569121, 3, '15/01/1990', 12),
(1710, 'Martini Méndez', 'Edwin Alexander', '4ta. Calle', '5-58', 3, 1107, 41569523, 3, '30/11/1983', 13),
(1711, 'Mateo Lorenzo', 'Sonia Elizabeth', '8va. Calle', '17-37', 5, 1108, 41569925, 3, '3/04/2009', 14),
(1712, 'Mayen Rios', 'Wendy Fabiola', '5ta. Avenida', '18-38', 7, 1109, 41570327, 3, '26/11/1988', 15),
(1713, 'Mayorga Carrera', 'Flor De Maria', '10ma. Calle', '6-67', 8, 1201, 41570528, 3, '30/08/1983', 16),
(1714, 'Mayorga Carrera', 'Diego Enrique', '8va. Calle', '5-12', 9, 1202, 41570729, 3, '3/04/2009', 1),
(1715, 'Mazariegos Bolos', 'Angela Gabriela', '6ta. Calle', '1-41', 11, 1203, 41571131, 1, '20/01/2009', 2),
(1716, 'Mazariegos España', 'Gerber Bladimir', '10ma. Calle', '7-12', 12, 1204, 41571332, 3, '7/12/1974', 3),
(1717, 'Meda Cruz', 'Cristian Josué', '2da. Calle', '3-37', 14, 1205, 41571734, 2, '11/04/1986', 4),
(1718, 'Meda Cruz', 'Fredy Reynaldo', '5ta. Avenida', '6-82', 15, 1206, 41571935, 3, '17/12/1972', 5),
(1719, 'Mejía Estrada', 'José Luis', '4ta. Calle', '9-78', 18, 1207, 41572538, 3, '14/02/1983', 6),
(1720, 'Mejía López', 'Oracio Marcial', '1ra. Avenida', '15-29', 19, 1208, 41572739, 3, '6/03/1985', 7),
(1721, 'Mejía Pérez', 'Kelem Mariela', '8va. Calle', '11-33', 21, 1209, 41572940, 3, '2/05/1983', 8),
(1722, 'Mejicanos Ramirez', 'Willy Omar', '4ta. Calle', '18-47', 1, 1210, 41573141, 3, '15/01/1987', 9),
(1723, 'Melendez Prieto', 'Karla Cecilia', '3ra. Avenida', '10-80', 3, 1211, 41573543, 3, '27/05/1977', 10),
(1724, 'Meletz Orantes', 'Gladys Jeaneth', '6ta. Calle', '7-28', 5, 1212, 41573945, 3, '7/09/1966', 11),
(1725, 'Melgar Aguilar', 'Selita Olinda', '10ma. Calle', '16-70', 7, 1213, 41574347, 3, '29/11/1957', 12),
(1726, 'Melini Muralles', 'Jeniffer Paola', '4ta. Calle', '8-72', 8, 1214, 41574548, 3, '6/06/1976', 13),
(1727, 'Melini Muralles', 'Herlina', '5ta. Avenida', '7-77', 9, 1215, 41574749, 3, '28/03/1981', 14),
(1728, 'Menard Garcia', 'Ingrid Paola', '5ta. Avenida', '8-13', 11, 1216, 41575151, 3, '7/12/1977', 15),
(1729, 'Méndez Barrios', 'Santos María', '8va. Calle', '16-58', 12, 1217, 41575352, 3, '22/10/1984', 16),
(1730, 'Méndez De La Crúz', 'Dania Maribel', '8va. Calle', '3-53', 14, 1218, 41575754, 3, '11/05/1985', 1),
(1731, 'Méndez Roca', 'José Antonio', '9na. Avenida', '9-53', 15, 1219, 41575955, 3, '12/11/1982', 2),
(1732, 'Méndez Soberanis', 'Angel Estuardo', '5ta. Avenida', '1-40', 18, 1220, 41576558, 3, '1/12/1964', 3),
(1733, 'Mendoza Prillwitz', 'Luis Miguel', '10ma. Calle', '12-69', 2, 1221, 41577362, 3, '3/04/2009', 4),
(1734, 'Merida', 'Maria Cristobalina', '1ra. Avenida', '13-32', 5, 1222, 41577965, 3, '6/11/2009', 5),
(1735, 'Mérida Antón', 'Brayam José', '2da. Calle', '2-17', 6, 1223, 41578166, 3, '27/05/1988', 6),
(1736, 'Mérida González', 'Luis Ernesto', '2da. Calle', '12-51', 7, 1224, 41578367, 3, '13/09/1975', 7),
(1737, 'Mérida Taracena', 'Juan José', '9na. Avenida', '10-46', 9, 1225, 41578769, 3, '24/08/1977', 8),
(1738, 'Merino Avila', 'Erick Humberto', '8va. Calle', '6-25', 11, 1226, 41579171, 3, '23/06/1975', 9),
(1739, 'Midence Morales', 'Erick David', '8va. Calle', '6-15', 13, 1227, 41579573, 3, '3/01/1974', 10),
(1740, 'Miguel Ramos', 'Haesel Beatríz', '8va. Calle', '7-50', 14, 1228, 41579774, 3, '23/09/1971', 11),
(1741, 'Mijangos Sánchez', 'Lennin Saúl', '4ta. Calle', '11-89', 15, 1229, 41579975, 3, '8/01/1955', 12),
(1742, 'Milián Balcarcel', 'Olivia Nohemy', '7ma. Avenida', '15-25', 17, 1301, 41580377, 3, '25/01/1985', 13),
(1743, 'Milián Balcarcel', 'Angela Nanci', '8va. Calle', '1-43', 18, 1302, 41580578, 3, '31/07/1985', 14),
(1744, 'Milian Urizar', 'Ana Yazmín', '6ta. Calle', '1-01', 21, 1303, 41580980, 3, '19/01/1986', 15),
(1745, 'Milian Urizar', 'Jackelinne Aracely', '2da. Calle', '8-30', 1, 1304, 41581181, 3, '14/06/1972', 16),
(1746, 'Miranda López', 'Emelly Arleth', '4ta. Calle', '6-01', 4, 1305, 41581784, 3, '7/09/1982', 1),
(1747, 'Miranda Morales', 'Yoselin Karina', '10ma. Calle', '18-73', 5, 1306, 41581985, 3, '20/01/1979', 2),
(1748, 'Miranda Núñez', 'Kevin Alexander', '1ra. Avenida', '11-46', 6, 1307, 41582186, 3, '30/01/1976', 3),
(1749, 'Miranda Sandoval', 'Jose Benjamin', '2da. Calle', '9-56', 7, 1308, 41582387, 3, '30/09/1969', 4),
(1750, 'Mojica Afanador', 'Robin Eduardo', '7ma. Avenida', '16-07', 9, 1309, 41582789, 3, '6/02/1980', 5),
(1751, 'Molina Alvarez', 'Katherine Marleny', '7ma. Avenida', '11-22', 11, 1310, 41583191, 3, '7/05/1965', 6),
(1752, 'Molina Jauregui', 'Evelin Lorena', '9na. Avenida', '6-46', 13, 1311, 41583593, 3, '10/11/1986', 7),
(1753, 'Molina Paz', 'Emely Jazmín', '5ta. Avenida', '6-02', 14, 1312, 41583794, 2, '8/11/1967', 8),
(1755, 'Molina Rivera', 'Josseline Andrea', '3ra. Avenida', '10-20', 15, 1313, 41583995, 3, '6/11/1971', 9),
(1756, 'Monroy Lucero', 'Mirna Patricia', '6ta. Calle', '14-71', 17, 1314, 41584397, 3, '19/01/2009', 10),
(1757, 'Monroy Mendoza', 'Mártin Alexis', '5ta. Avenida', '14-10', 18, 1315, 41584598, 1, '25/03/1985', 11),
(1758, 'Montenegro Funes', 'Dafne Fabiola', '4ta. Calle', '3-49', 21, 1316, 41585000, 3, '28/02/1988', 12),
(1759, 'Montenegro Molina', 'Norma Yulissa', '2da. Calle', '15-20', 1, 1317, 41585201, 2, '7/09/1964', 13),
(1760, 'Monterroso Monterroso', 'Jenifer Roxana', '2da. Calle', '8-70', 4, 1318, 41585804, 1, '1/12/1979', 14),
(1761, 'Monterroso Ramírez', 'Jorge Luis', '9na. Avenida', '9-33', 5, 1319, 41586005, 3, '16/04/1984', 15),
(1762, 'Monterroso Ramírez', 'José Alfedo', '1ra. Avenida', '9-45', 6, 1320, 41586206, 3, '12/12/1989', 16),
(1763, 'Monterroso Sequeira', 'Marilyn Stephanie', '2da. Calle', '13-73', 7, 1321, 41586407, 3, '24/03/1982', 1),
(1764, 'Monterroso Urrutia', 'Lesly Analy', '10ma. Calle', '11-95', 9, 1322, 41586809, 3, '15/04/1977', 2),
(1765, 'Montoya Rodríguez', 'Gerson Alexander', '5ta. Avenida', '7-17', 11, 1323, 41587211, 3, '24/10/1988', 3),
(1766, 'Monzon Guzmám', 'Joselin Lucero', '3ra. Avenida', '10-10', 13, 1324, 41587613, 3, '5/07/1958', 4),
(1767, 'Monzon Guzmán', 'Yenifer Jasmín', '10ma. Calle', '18-63', 14, 1325, 41587814, 3, '2/02/1988', 5),
(1768, 'Monzon Guzmán', 'María José', '4ta. Calle', '13-55', 15, 1326, 41588015, 1, '10/07/1983', 6),
(1769, 'Monzón Peña', 'Luis Augusto', '5ta. Avenida', '12-34', 17, 1327, 41588417, 3, '7/07/1967', 7),
(1770, 'Monzón Peña', 'Luis Esteban', '4ta. Calle', '12-53', 18, 1328, 41588618, 3, '8/12/1971', 8),
(1771, 'Monzón Peña', 'Amsi Eliza', '9na. Avenida', '4-39', 21, 1329, 41589020, 3, '6/03/1970', 9),
(1772, 'Monzón Peña', 'Brenda Leticia', '7ma. Avenida', '2-22', 1, 1330, 41589221, 1, '4/09/1986', 10),
(1773, 'Moraga Alburez', 'Madelinne Yahaira', '9na. Avenida', '13-10', 4, 1331, 41589824, 3, '25/05/1959', 11),
(1774, 'Morales Barrera', 'Sury Sucehidy', '4ta. Calle', '17-53', 8, 1401, 41590628, 3, '15/11/1983', 12),
(1775, 'Morales Castañeda', 'Jennifer Juleidy', '10ma. Calle', '8-78', 11, 1402, 41591231, 3, '6/11/1976', 13),
(1776, 'Morales Castillo', 'Erick Arnoldo', '7ma. Avenida', '6-14', 12, 1403, 41591432, 3, '7/12/1969', 14),
(1777, 'Morales Castillo', 'Karla Francisca', '7ma. Avenida', '11-02', 13, 1404, 41591633, 3, '5/11/1948', 15),
(1778, 'Morales Del Valle', 'Rudy Vinicio', '10ma. Calle', '16-40', 15, 1405, 41592035, 3, '17/02/1986', 16),
(1779, 'Morales Garay', 'Vivian Alejandra', '7ma. Avenida', '18-20', 17, 1406, 41592437, 3, '23/08/1980', 1),
(1780, 'Morales Gómez', 'Victor Sleither', '10ma. Calle', '18-13', 19, 1407, 41592839, 3, '18/06/1980', 2),
(1781, 'Morales Gómez', 'Erick Geovanni', '6ta. Calle', '6-23', 21, 1408, 41593040, 3, '2/08/1979', 3),
(1782, 'Morales González', 'Ana María', '6ta. Calle', '4-56', 1, 1409, 41593241, 3, '7/11/1989', 4),
(1783, 'Morales Martínez', 'Yorleny Maricruz', '9na. Avenida', '18-72', 3, 1410, 41593643, 3, '25/12/1977', 5),
(1784, 'Morales Medrano', 'Rozzanna Jeannette', '8va. Calle', '16-28', 4, 1411, 41593844, 3, '27/01/1974', 6),
(1785, 'Morales Milian', 'Sabata Miroslava', '2da. Calle', '16-42', 6, 1412, 41594246, 1, '1/02/1988', 7),
(1786, 'Morales Morales', 'Yiye Ermosinda', '6ta. Calle', '18-69', 7, 1413, 41594447, 1, '28/07/1986', 8),
(1787, 'Morales Pérez', 'Noelia Azucena', '10ma. Calle', '15-18', 10, 1414, 41595050, 3, '26/09/1979', 9),
(1788, 'Morales Quevedo', 'Santos Abraham', '6ta. Calle', '16-56', 11, 1415, 41595251, 3, '18/08/1965', 10),
(1789, 'Morales Quinom', 'María José', '5ta. Avenida', '13-56', 12, 1416, 41595452, 3, '17/11/1969', 11),
(1790, 'Morales Quinom', 'Cynthia Paola', '1ra. Avenida', '3-46', 13, 1417, 41595653, 3, '1/12/1969', 12),
(1791, 'Morales Rivas', 'Kimberly Johana', '8va. Calle', '11-73', 15, 1418, 41596055, 3, '25/04/1974', 13),
(1792, 'Morales Sépulveda', 'Ingrid Gabriela', '2da. Calle', '8-10', 17, 1419, 41596457, 1, '28/05/1975', 14),
(1793, 'Morán Ávila', 'Javier Estuardo', '4ta. Calle', '8-52', 19, 1420, 41596859, 3, '5/09/1971', 15),
(1794, 'Morán Durán', 'Krissby Abigahil', '8va. Calle', '11-83', 21, 1421, 41597060, 3, '31/05/1973', 16),
(1795, 'Morán Durán', 'Edwin Estuardo', '7ma. Avenida', '5-61', 1, 1501, 41597261, 3, '17/06/1958', 1),
(1796, 'Moran Navas', 'Jefferson Josué', '3ra. Avenida', '8-61', 3, 1502, 41597663, 3, '14/05/1971', 2),
(1797, 'Morán Vega', 'Maria De Los Angeles', '2da. Calle', '13-33', 4, 1503, 41597864, 3, '30/01/1988', 3),
(1798, 'Morataya Peril', 'Gabriela Ivonne', '8va. Calle', '6-85', 6, 1504, 41598266, 3, '26/08/1989', 4),
(1799, 'Morataya Ramírez', 'Jennifer Elizabeth', '8va. Calle', '8-76', 7, 1505, 41598467, 3, '25/10/1971', 5),
(1800, 'Moscoso Barrientos', 'Yaritza Mishel', '6ta. Calle', '18-59', 10, 1506, 41599070, 3, '19/09/1989', 6),
(1801, 'Moscoso Telón', 'Josman', '10ma. Calle', '10-17', 11, 1507, 41599271, 3, '24/06/1983', 7),
(1802, 'Mosquera Lee', 'Bryan Levi', '5ta. Avenida', '2-40', 12, 1508, 41599472, 3, '24/07/1971', 8),
(1803, 'Munguia Ortiz', 'Milton Gabriel', '5ta. Avenida', '14-60', 13, 1601, 41599673, 3, '17/06/1982', 9),
(1804, 'Muñoz Paiz', 'Diego Emanuel', '7ma. Avenida', '5-11', 15, 1602, 41600075, 3, '27/06/1987', 10),
(1805, 'Muz Chávez', 'Jonatan Emanuel', '4ta. Calle', '9-08', 17, 1603, 41600477, 3, '25/09/1980', 11),
(1806, 'Nájera Rodríguez', 'Edgar Ramiro', '1ra. Avenida', '5-45', 19, 1604, 41600879, 3, '18/01/1986', 12),
(1807, 'Natareno Rodas', 'Jonathan Josue', '1ra. Avenida', '9-15', 21, 1605, 41601080, 2, '25/10/1973', 13),
(1808, 'Noh Park', 'Andy Eligio', '10ma. Calle', '1-35', 1, 1606, 41601281, 3, '11/03/1980', 14),
(1809, 'Noj Morán', 'Selvin Daniel', '1ra. Avenida', '16-71', 3, 1607, 41601683, 3, '22/02/1985', 15),
(1810, 'Noriega Flores', 'Kevin Esthyv', '5ta. Avenida', '11-50', 4, 1608, 41601884, 3, '18/11/1974', 16),
(1811, 'Núñez García', 'Jose Luis', '1ra. Avenida', '9-75', 6, 1609, 41602286, 3, '23/03/1973', 1),
(1812, 'Ochaeta López', 'Juan Carlos', '4ta. Calle', '10-41', 7, 1610, 41602487, 3, '29/11/1971', 2),
(1813, 'Ochoa Chaya', 'Eddy Alexander', '10ma. Calle', '5-34', 10, 1611, 41603090, 3, '25/12/1961', 3),
(1814, 'Orantes Rojas', 'Francisco Ramón', '2da. Calle', '6-79', 14, 1612, 41603894, 3, '14/03/1968', 4),
(1815, 'Ordoñez Hernández', 'Hugo David', '3ra. Avenida', '8-01', 17, 1613, 41604497, 3, '12/11/1970', 5),
(1816, 'Ordoñez Santos', 'Josè Angel', '7ma. Avenida', '9-51', 18, 1614, 41604698, 3, '10/06/1959', 6),
(1817, 'Ordoñez Vicente', 'Alfredo Esaú', '7ma. Avenida', '4-27', 19, 1615, 41604899, 3, '10/06/1975', 7),
(1818, 'Orellana Bacaro', 'Carlos Eduardo', '3ra. Avenida', '2-58', 1, 1616, 41605301, 3, '4/06/1986', 8),
(1819, 'Orellana López', 'Luis Eduardo', '9na. Avenida', '12-48', 3, 1701, 41605703, 1, '25/02/1987', 9),
(1820, 'Orellana Muñoz', 'Carlos Raúl', '4ta. Calle', '2-69', 5, 1702, 41606105, 3, '17/09/1951', 10),
(1821, 'Orizabal Hernández', 'Jose Maria Junior', '7ma. Avenida', '9-81', 6, 1703, 41606306, 3, '25/07/1980', 11),
(1822, 'Orozco Amezquita', 'Christian Gabriel', '5ta. Avenida', '2-90', 7, 1704, 41606507, 3, '17/06/1973', 12),
(1823, 'Orózco Soto', 'Luis Virgilio', '5ta. Avenida', '12-74', 9, 1705, 41606909, 3, '26/12/1982', 13),
(1824, 'Ortega Rosales', 'Óscar Armando', '7ma. Avenida', '15-35', 10, 1706, 41607110, 3, '21/04/1987', 14),
(1825, 'Ortíz', 'Daniel', '9na. Avenida', '3-54', 12, 1707, 41607512, 3, '17/11/1964', 15),
(1826, 'Ortiz Arriaza', 'Josué David', '2da. Calle', '10-29', 13, 1708, 41607713, 3, '12/05/1980', 16),
(1827, 'Ortiz Flores', 'Jorge Alexander', '8va. Calle', '9-22', 16, 1709, 41608316, 3, '1/04/1975', 1),
(1828, 'Ortíz Leiva', 'Carlos Manuel', '2da. Calle', '2-67', 17, 1710, 41608517, 3, '17/08/1974', 2),
(1829, 'Ortíz Leiva', 'Jordan Rolando', '6ta. Calle', '9-20', 18, 1711, 41608718, 2, '14/01/1964', 3),
(1830, 'Ortiz Murga', 'Kevin Stiven', '1ra. Avenida', '11-66', 19, 1712, 41608919, 3, '22/01/1969', 4),
(1831, 'Osabas Blanco', 'Luis Fernando', '5ta. Avenida', '12-64', 1, 1801, 41609321, 1, '13/07/1976', 5),
(1832, 'Osorio Corado', 'Gilberto José', '2da. Calle', '7-24', 3, 1802, 41609723, 3, '28/06/1973', 6),
(1833, 'Osornio Peralta', 'Henry Gabriel', '10ma. Calle', '7-72', 5, 1803, 41610125, 2, '2/05/1964', 7),
(1834, 'Ovalle Galeano', 'Josue Alejandro', '8va. Calle', '10-25', 6, 1804, 41610326, 3, '25/11/1973', 8),
(1835, 'Ovalle Valladares', 'Menfor Manuel', '10ma. Calle', '14-45', 7, 1805, 41610527, 3, '20/09/1979', 9),
(1836, 'Ovando Flores', 'Alexander Eli', '9na. Avenida', '4-19', 9, 1901, 41610929, 2, '16/09/1955', 10),
(1837, 'Ovando Flores', 'Albin Ariel', '10ma. Calle', '4-10', 10, 1902, 41611130, 3, '9/08/1972', 11),
(1838, 'Pacheco Barahona', 'Edwin Oswaldo', '1ra. Avenida', '5-65', 12, 1903, 41611532, 3, '5/02/1965', 12),
(1839, 'Paiz Pablo', 'Ervin Giovanni', '3ra. Avenida', '6-30', 13, 1904, 41611733, 3, '3/01/1979', 13),
(1840, 'Palacios Padilla', 'Marvin Israel', '9na. Avenida', '14-14', 16, 1905, 41612336, 3, '30/06/1975', 14),
(1841, 'Palacios Padilla', 'Luis Felipe', '8va. Calle', '12-57', 17, 1906, 41612537, 2, '14/12/1972', 15),
(1842, 'Palacios Vasquez', 'Bryan Alexander', '8va. Calle', '2-33', 18, 1907, 41612738, 3, '17/02/1974', 16),
(1843, 'Palencia Pérez', 'Ronal Enrique', '8va. Calle', '16-18', 19, 1908, 41612939, 1, '25/07/1976', 1),
(1844, 'Palencia Pérez', 'Santos Ernesto', '7ma. Avenida', '16-57', 1, 1909, 41613341, 3, '20/03/1979', 2),
(1845, 'Palencia Ulín', 'Marny Oriana', '10ma. Calle', '14-05', 3, 1910, 41613743, 2, '12/11/1997', 3),
(1846, 'Palomo Jimenez', 'Evart Estuardo', '7ma. Avenida', '6-44', 5, 2001, 41614145, 1, '15/04/1980', 4),
(1847, 'Panteul Uleu', 'Hector Ricardo', '9na. Avenida', '7-61', 6, 2002, 41614346, 3, '27/10/1979', 5),
(1848, 'Pardo Francisco', 'Angel Daniel', '3ra. Avenida', '1-38', 7, 2003, 41614547, 3, '26/02/1979', 6),
(1849, 'Patzan Pineda', 'Alfredo', '6ta. Calle', '4-26', 9, 2004, 41614949, 3, '10/05/1959', 7),
(1850, 'Patzan Salazar', 'Ludwin Saúl', '3ra. Avenida', '12-22', 10, 2005, 41615150, 3, '22/04/1974', 8),
(1851, 'Payés Méndez', 'Ana Patricia', '10ma. Calle', '4-60', 12, 2006, 41615552, 3, '19/06/1987', 9),
(1852, 'Paz Alvarez', 'Bryan Javier', '4ta. Calle', '2-39', 13, 2007, 41615753, 3, '9/07/1981', 10),
(1853, 'Paz Lucero', 'Kevin Leonel', '5ta. Avenida', '11-60', 16, 2008, 41616356, 3, '28/10/1961', 11),
(1854, 'Peña Avila', 'Katherine Michelle', '8va. Calle', '11-23', 21, 2009, 41617160, 3, '28/03/1962', 12),
(1855, 'Peralta Garcia', 'Sandy Karina', '3ra. Avenida', '16-53', 3, 2010, 41617763, 1, '27/11/1965', 13),
(1856, 'Pereda Castellanos', 'Wagner André', '2da. Calle', '18-25', 4, 2011, 41617964, 3, '14/11/1953', 14),
(1857, 'Pereira Fuentes', 'Weninton Paul', '8va. Calle', '18-41', 5, 2101, 41618165, 1, '29/01/1976', 15),
(1858, 'Pereira Monzón', 'María Estuardo', '7ma. Avenida', '13-38', 6, 2102, 41618366, 3, '3/11/1949', 16),
(1859, 'Pérez Azurdia', 'Erick Enrique', '10ma. Calle', '6-17', 8, 2103, 41618768, 3, '16/02/1969', 1),
(1860, 'Pérez Calijan', 'Jonathan Jacobo', '9na. Avenida', '9-13', 10, 2104, 41619170, 3, '3/04/1964', 2),
(1861, 'Pérez Cruz', 'Bryan Steve', '10ma. Calle', '2-45', 12, 2105, 41619572, 3, '18/06/2009', 3),
(1862, 'Pérez De León', 'Danilo', '1ra. Avenida', '3-66', 13, 2106, 41619773, 3, '9/04/1978', 4),
(1863, 'Pérez De León', 'José David', '5ta. Avenida', '9-59', 14, 2107, 41619974, 3, '28/03/1956', 5),
(1864, 'Pérez García', 'Nestor Abel', '5ta. Avenida', '15-13', 16, 2201, 41620376, 1, '12/03/1963', 6),
(1865, 'Pérez García', 'Jenyfer Sharon', '7ma. Avenida', '8-85', 17, 2202, 41620577, 3, '28/04/1975', 7),
(1866, 'Pérez Jiménez', 'Claudia Maricela', '8va. Calle', '3-23', 21, 2203, 41621180, 3, '11/11/1954', 8),
(1867, 'Pérez Quinteros', 'Ayysleth Analy', '8va. Calle', '1-73', 3, 2204, 41621783, 1, '30/10/1954', 9),
(1868, 'Pérez Ramirez', 'Evelyn Yasmin', '7ma. Avenida', '6-54', 4, 2205, 41621984, 1, '22/05/1960', 10),
(1869, 'Pérez Ramirez', 'Kimberly Carolina', '7ma. Avenida', '11-72', 5, 2206, 41622185, 1, '12/08/1987', 11),
(1870, 'Perez Rivera', 'Leslie Isabel', '8va. Calle', '11-93', 6, 2207, 41622386, 3, '7/10/1962', 12),
(1871, 'Pérez Siguantay', 'Karla Marleny', '3ra. Avenida', '11-08', 8, 2208, 41622788, 3, '19/11/1971', 13),
(1872, 'Pérez Zelada', 'Heidy Susana', '4ta. Calle', '7-66', 10, 2209, 41623190, 3, '1/09/1980', 14),
(1873, 'Pichilla', 'Kerly Mishell', '6ta. Calle', '11-41', 12, 2210, 41623592, 1, '19/04/1976', 15),
(1874, 'Piedrasanta Santos', 'Glendy Paola', '1ra. Avenida', '7-33', 14, 2211, 41623994, 3, '7/03/1965', 16),
(1875, 'Pineda Baten', 'Katherine Abigail', '10ma. Calle', '11-15', 16, 2212, 41624396, 3, '19/04/1972', 1),
(1876, 'Pineda Castillo', 'Karla Ivette', '9na. Avenida', '11-04', 17, 2213, 41624597, 3, '28/12/1974', 2),
(1877, 'Pineda Florian', 'Astrid Jeannette', '10ma. Calle', '1-65', 19, 2214, 41624999, 3, '6/05/1952', 3),
(1878, 'Pineda Gómez', 'Sonia Elizabeth', '9na. Avenida', '17-38', 21, 2215, 41625200, 3, '21/03/1975', 4),
(1879, 'Pineda Hernández', 'Shirley Daneth', '10ma. Calle', '17-19', 3, 2216, 41625803, 2, '24/03/1982', 5),
(1880, 'Pineda Juárez', 'Heidy Carolina', '1ra. Avenida', '7-63', 4, 2217, 41626004, 3, '28/08/1982', 6),
(1881, 'Pineda Padilla', 'Brenda Karina', '6ta. Calle', '2-21', 5, 101, 41626205, 3, '9/06/1966', 7),
(1882, 'Pineda Padilla', 'Karla María Alejandra', '2da. Calle', '11-07', 6, 102, 41626406, 3, '5/01/1972', 8),
(1883, 'Pineda Sican', 'Sindi Magali', '1ra. Avenida', '17-30', 8, 103, 41626808, 1, '21/10/1975', 9),
(1884, 'Pinetta Nájera', 'Irma Susana', '10ma. Calle', '8-18', 10, 104, 41627210, 3, '1/12/1976', 10),
(1885, 'Pinula Lòpez', 'Lucía Judith', '10ma. Calle', '12-19', 12, 105, 41627612, 3, '7/05/1979', 11),
(1886, 'Pinzón Morataya', 'Ruth Noemí', '1ra. Avenida', '16-41', 13, 106, 41627813, 3, '8/08/1977', 12),
(1887, 'Polanco López', 'Ingrid Jeanette', '3ra. Avenida', '8-11', 14, 107, 41628014, 3, '16/06/1980', 13),
(1888, 'Porras Catalan', 'Gladys Elizabeth', '5ta. Avenida', '7-27', 16, 108, 41628416, 1, '4/06/1985', 14),
(1889, 'Pos García', 'Joselin Paola', '4ta. Calle', '10-11', 19, 109, 41629019, 2, '16/02/1966', 15),
(1890, 'Quan Martínez', 'Daniela Elizabeth', '10ma. Calle', '3-65', 21, 110, 41629220, 1, '13/05/1981', 16),
(1891, 'Quiñonez Estrada', 'Karen Eunice', '5ta. Avenida', '10-72', 7, 111, 41630627, 2, '8/06/1984', 1),
(1892, 'Quiroa Picón', 'Jackeline Susana', '10ma. Calle', '8-28', 10, 112, 41631230, 3, '13/09/1948', 2),
(1893, 'Racancoj', 'Marco Tulio', '10ma. Calle', '13-21', 11, 113, 41631431, 3, '9/10/1979', 3),
(1894, 'Racancoj', 'Jeniffer Fabiola', '3ra. Avenida', '8-71', 12, 114, 41631632, 3, '28/09/1973', 4),
(1895, 'Rafael Hernández', 'Miguel Antonio', '10ma. Calle', '14-55', 13, 115, 41631833, 3, '12/11/1957', 5),
(1896, 'Ralda Pérez', 'David Fernando', '2da. Calle', '3-77', 17, 116, 41632637, 2, '10/07/1975', 6),
(1897, 'Ramirez', 'Julia Vanessa', '8va. Calle', '10-55', 19, 117, 41633039, 3, '24/06/1982', 7),
(1898, 'Ramirez Barrios', 'Wanda Ximena', '2da. Calle', '18-35', 21, 201, 41633240, 3, '23/11/1973', 8),
(1899, 'Ramírez Castañeda', 'Jenifer Lucerito', '1ra. Avenida', '8-69', 1, 202, 41633441, 2, '2/09/1981', 9),
(1900, 'Ramirez Esteban', 'Damaris Abigail', '7ma. Avenida', '3-52', 3, 203, 41633843, 3, '21/07/1964', 10),
(1901, 'Ramírez Esteban', 'Eddy Fernando', '1ra. Avenida', '5-35', 4, 204, 41634044, 3, '16/09/1981', 11),
(1902, 'Ramirez Granados', 'Byron David', '2da. Calle', '2-47', 6, 205, 41634446, 3, '28/02/1988', 12),
(1903, 'Ramirez Granados', 'Elena Raquel', '1ra. Avenida', '5-75', 7, 206, 41634647, 3, '12/04/1983', 13),
(1904, 'Ramírez Montecinos', 'Erick Geovanny', '7ma. Avenida', '6-24', 10, 207, 41635250, 3, '3/05/1973', 14),
(1905, 'Ramírez Montecinos', 'Luisa Fernanda', '9na. Avenida', '12-78', 11, 208, 41635451, 1, '5/02/1957', 15),
(1906, 'Ramírez Montecinos', 'Bryan Stiven', '1ra. Avenida', '2-46', 12, 301, 41635652, 1, '27/02/1956', 16),
(1907, 'Ramírez Montecinos', 'Luisa Fernanda', '10ma. Calle', '13-01', 13, 302, 41635853, 3, '10/07/2009', 1),
(1908, 'Ramírez Nájera', 'José Francisco', '9na. Avenida', '9-63', 15, 303, 41636255, 3, '28/08/1978', 2),
(1909, 'Ramirez Oliva', 'Yeni Yojana', '8va. Calle', '18-61', 17, 304, 41636657, 1, '1/09/1955', 3),
(1910, 'Ramírez Patzán', 'Clara Leticia', '6ta. Calle', '3-21', 19, 305, 41637059, 1, '14/04/1962', 4),
(1911, 'Ramirez Ramirez', 'Arlen Oxana', '8va. Calle', '1-53', 21, 306, 41637260, 3, '2/12/1979', 5),
(1912, 'Ramirez Rivas', 'Jaqueline Marilena', '2da. Calle', '8-40', 1, 307, 41637461, 3, '8/12/1979', 6),
(1913, 'Ramirez Samayoa', 'María Victoria', '5ta. Avenida', '13-66', 3, 308, 41637863, 3, '19/11/1971', 7),
(1914, 'Ramirez Santizo', 'Alex Anibal', '5ta. Avenida', '4-15', 4, 309, 41638064, 2, '16/02/1987', 8),
(1915, 'Ramírez Valenzuela', 'Flor De María', '3ra. Avenida', '6-70', 6, 310, 41638466, 2, '24/04/1976', 9),
(1916, 'Ramos Cabrera', 'Rogelio Ranfery', '5ta. Avenida', '16-15', 7, 311, 41638667, 3, '23/12/1966', 10),
(1917, 'Ramos Hernández', 'Heber Otoniel', '4ta. Calle', '7-56', 10, 312, 41639270, 3, '21/04/1978', 11),
(1918, 'Ramos Santizo', 'Hugo David', '4ta. Calle', '8-02', 11, 313, 41639471, 3, '18/01/1972', 12),
(1919, 'Raxón López', 'María Isabel', '9na. Avenida', '13-50', 12, 314, 41639672, 3, '13/12/1972', 13),
(1920, 'Recinos Dónis', 'Samanta Elizabett', '4ta. Calle', '16-44', 13, 315, 41639873, 3, '22/08/1968', 14),
(1921, 'Recinos Gonzalez', 'Jose Nery', '3ra. Avenida', '9-87', 15, 316, 41640275, 3, '4/12/1961', 15),
(1922, 'Recinos Paniagua', 'Irene Michell', '6ta. Calle', '8-14', 17, 401, 41640677, 3, '15/11/1960', 16),
(1923, 'Recinos Peralta', 'Edy Gabriel', '6ta. Calle', '5-70', 19, 402, 41641079, 3, '22/02/1976', 1),
(1924, 'Recinos Reyes', 'José Javier', '8va. Calle', '9-72', 21, 403, 41641280, 3, '20/06/1979', 2),
(1925, 'Regalado Muñoz', 'Yadira Yasmin', '10ma. Calle', '18-53', 1, 404, 41641481, 3, '17/11/1985', 3),
(1926, 'Reyes Alvarez', 'Eduardo Josue', '1ra. Avenida', '5-55', 3, 405, 41641883, 3, '12/05/1970', 4),
(1927, 'Reyes Estrada', 'Christian Josè', '9na. Avenida', '3-04', 4, 406, 41642084, 3, '26/05/1978', 5),
(1928, 'Reyes Guerra', 'Mario Armando', '8va. Calle', '13-79', 6, 407, 41642486, 3, '3/06/1976', 6),
(1929, 'Reyes Mejía', 'Arianda Alicia', '6ta. Calle', '1-51', 7, 408, 41642687, 3, '20/06/1978', 7),
(1930, 'Reyes Morales', 'Zuleimmy Marylla', '7ma. Avenida', '18-80', 10, 409, 41643290, 1, '5/07/1972', 8),
(1931, 'Reyes Rodas', 'Andrea Paola', '6ta. Calle', '1-31', 14, 410, 41644094, 3, '7/07/1975', 9),
(1932, 'Reyes Santizo', 'Elizabeth Mércy De Jesús', '7ma. Avenida', '5-81', 17, 411, 41644697, 3, '8/03/1970', 10),
(1933, 'Reyes Solomán', 'Brian Jossue', '3ra. Avenida', '2-28', 18, 412, 41644898, 3, '22/11/1987', 11),
(1934, 'Reyes Solomán', 'José Pablo', '6ta. Calle', '10-03', 19, 413, 41645099, 3, '10/07/1984', 12),
(1935, 'Reyes Torres', 'Jaqueline Andrea', '10ma. Calle', '8-38', 21, 414, 41645300, 3, '12/01/1963', 13),
(1936, 'Reynoso Gil', 'Jorge Estuardo', '6ta. Calle', '9-30', 2, 415, 41645702, 3, '16/03/1963', 14),
(1937, 'Rios Arredondo', 'Gerson Daniel', '7ma. Avenida', '7-19', 4, 416, 41646104, 3, '4/04/1979', 15),
(1938, 'Rios Moran', 'Pablo Etien', '3ra. Avenida', '15-61', 6, 501, 41646506, 3, '7/04/1971', 16),
(1939, 'Rivas Chojolán', 'Yakeline Paola', '4ta. Calle', '18-57', 7, 502, 41646707, 3, '11/04/1966', 1),
(1940, 'Rivas González', 'Evelyn Rotzana', '5ta. Avenida', '6-52', 8, 503, 41646908, 3, '23/11/1967', 2),
(1941, 'Rivas Pérez', 'William Eduardo', '1ra. Avenida', '18-44', 10, 504, 41647310, 1, '13/12/1956', 3),
(1942, 'Rivas Rivera', 'Luis Ernesto', '3ra. Avenida', '12-52', 11, 505, 41647511, 1, '1/11/1972', 4),
(1943, 'Rivera Bran', 'José Daniel', '4ta. Calle', '9-58', 13, 506, 41647913, 1, '9/08/1965', 5),
(1944, 'Rivera Cifuentes', 'Jayce Shalline', '9na. Avenida', '8-57', 14, 507, 41648114, 2, '17/10/1974', 6),
(1945, 'Rivera González', 'Marta Lidia Patricia', '4ta. Calle', '14-09', 17, 508, 41648717, 3, '18/04/1972', 7),
(1946, 'Rivera Hernández', 'Jaqueline Dayana', '1ra. Avenida', '8-39', 18, 509, 41648918, 1, '10/03/2001', 8),
(1947, 'Rivera López', 'Arguiré Anaynna', '5ta. Avenida', '1-50', 19, 510, 41649119, 3, '18/04/1972', 9),
(1948, 'Rivera Pivaral', 'Andrea Isabel', '10ma. Calle', '1-25', 21, 511, 41649320, 1, '2/06/1958', 10),
(1949, 'Rivera Sacasa', 'Jakelinne Katerine Alejandra', '8va. Calle', '8-36', 2, 512, 41649722, 3, '11/06/1982', 11),
(1950, 'Robles Palacios', 'Josúe David', '3ra. Avenida', '10-30', 4, 513, 41650124, 1, '10/05/1956', 12),
(1951, 'Rodas Garrido', 'César Estuardo', '8va. Calle', '2-83', 6, 601, 41650526, 3, '2/07/1983', 13),
(1952, 'Rodas Abarca', 'Jasmin Vanesa', '7ma. Avenida', '8-45', 7, 602, 41650727, 3, '20/09/1957', 14),
(1953, 'Rodas García', 'Steven Daniel', '8va. Calle', '17-47', 8, 603, 41650928, 1, '16/09/1976', 15),
(1954, 'Rodas García', 'Cristel Yazmín', '3ra. Avenida', '3-28', 10, 604, 41651330, 3, '27/12/1981', 16),
(1955, 'Rodas Guarchaj', 'Denis Javier', '3ra. Avenida', '3-88', 11, 605, 41651531, 3, '20/09/2009', 1),
(1956, 'Rodas Rangel', 'Henry Josué', '1ra. Avenida', '7-73', 13, 606, 41651933, 3, '4/03/1973', 2),
(1957, 'Rodas Sánchez', 'Mirma Angelica', '5ta. Avenida', '14-70', 14, 607, 41652134, 3, '3/02/1968', 3),
(1958, 'Rodas Zarco', 'Violeta Marilu', '5ta. Avenida', '18-18', 17, 608, 41652737, 3, '28/09/1970', 4),
(1959, 'Rodas Zarco', 'Pablo Josué', '4ta. Calle', '15-62', 18, 609, 41652938, 2, '29/08/1958', 5),
(1960, 'Rodríguez Aguilar', 'Kevin Miguel', '8va. Calle', '11-43', 19, 610, 41653139, 3, '29/11/1967', 6),
(1961, 'Rodriguez Castañeda', 'Carlos Javier', '1ra. Avenida', '2-66', 21, 611, 41653340, 3, '27/08/1968', 7),
(1962, 'Rodríguez García', 'Jaquelyn Carolina', '3ra. Avenida', '8-41', 2, 612, 41653742, 3, '27/12/1961', 8),
(1963, 'Rodríguez Hinestroza', 'Luis Pablo', '2da. Calle', '12-71', 4, 613, 41654144, 3, '7/09/1960', 9),
(1964, 'Rodríguez López', 'Axel Daniel', '7ma. Avenida', '1-72', 6, 614, 41654546, 1, '30/07/1959', 10),
(1965, 'Rodriguez Manzo', 'Josseline Carolina', '4ta. Calle', '10-21', 7, 701, 41654747, 3, '6/04/1979', 11),
(1966, 'Rodriguez Manzo', 'Ana Mishell', '8va. Calle', '4-58', 8, 702, 41654948, 3, '10/05/1965', 12),
(1967, 'Rodríguez Pretzantzín', 'Fredy Alberto', '3ra. Avenida', '6-80', 10, 703, 41655350, 3, '1/04/1980', 13),
(1968, 'Rodríguez Rada', 'Karen Arlina', '1ra. Avenida', '10-68', 11, 704, 41655551, 3, '20/03/1985', 14),
(1969, 'Rodríguez Ramírez', 'Gustavo Adolfo', '4ta. Calle', '7-46', 13, 705, 41655953, 3, '15/01/1980', 15),
(1970, 'Rodríguez Velasquez', 'Barbara Roberta Sarahí', '4ta. Calle', '1-79', 14, 706, 41656154, 3, '9/06/1981', 16),
(1971, 'Rojas Hernández', 'Jennifer Gisela', '9na. Avenida', '8-77', 17, 707, 41656757, 1, '27/10/1978', 1),
(1972, 'Roma Ordoñez', 'Guillermo Joseff Emanuel', '9na. Avenida', '7-41', 1, 708, 41657561, 3, '3/03/1970', 2),
(1973, 'Roman Castellanos', 'Nancy Paola', '8va. Calle', '15-06', 4, 709, 41658164, 3, '21/07/1958', 3),
(1974, 'Román Fernández', 'Madelin Alejandra', '6ta. Calle', '13-07', 5, 710, 41658365, 1, '3/03/1970', 4),
(1975, 'Romero Escriba', 'María De Los Angeles', '3ra. Avenida', '13-34', 6, 711, 41658566, 3, '12/02/1971', 5),
(1976, 'Rosa Alvarado', 'Lidia Roxana', '8va. Calle', '12-07', 7, 712, 41658767, 3, '15/02/1989', 6),
(1977, 'Rosales Grajeda', 'Jefry Giovany', '7ma. Avenida', '8-65', 9, 713, 41659169, 1, '25/01/1972', 7),
(1978, 'Rosales Gutierrez', 'Cristian Antonio', '8va. Calle', '3-33', 11, 714, 41659571, 3, '4/08/1967', 8),
(1979, 'Rosales Méndez', 'Saidy Clara Luz', '3ra. Avenida', '16-43', 13, 715, 41659973, 3, '4/04/1958', 9),
(1980, 'Rosas Mazariegos', 'Dulce Pamela', '7ma. Avenida', '5-31', 14, 716, 41660174, 3, '20/01/1981', 10),
(1981, 'Rosas Mazariegos', 'Rocío Alejandra', '8va. Calle', '16-08', 15, 717, 41660375, 1, '7/04/1963', 11),
(1982, 'Ruano Del Cid', 'Joseline Beatríz', '5ta. Avenida', '10-12', 17, 718, 41660777, 3, '3/01/1966', 12),
(1983, 'Ruano Molina', 'Mynor Adolfo', '1ra. Avenida', '14-86', 18, 719, 41660978, 3, '2/02/1977', 13),
(1984, 'Ruano Toledo', 'Cony Stefany', '2da. Calle', '3-27', 21, 801, 41661380, 3, '19/08/1974', 14),
(1985, 'Ruano Zenteno', 'Karla Andrea', '2da. Calle', '10-79', 1, 802, 41661581, 3, '11/03/1972', 15),
(1986, 'Ruiz Herrera', 'Jasmine Denise', '8va. Calle', '8-46', 4, 803, 41662184, 3, '19/03/1965', 16),
(1987, 'Ruiz Lima', 'Cristhian Roel', '4ta. Calle', '3-29', 5, 804, 41662385, 3, '6/06/1984', 1),
(1988, 'Ruiz Morales', 'Luis Estuardo', '6ta. Calle', '12-55', 6, 805, 41662586, 3, '21/12/1984', 2),
(1989, 'Ruíz Morales', 'Brandos Josue', '1ra. Avenida', '2-16', 7, 806, 41662787, 3, '28/01/1960', 3),
(1990, 'Ruíz Peer', 'Anaeli', '7ma. Avenida', '1-02', 9, 807, 41663189, 3, '18/08/1983', 4),
(1991, 'Ruuiz Sandoval', 'Karen Yesenia Elizabeth', '9na. Avenida', '10-76', 11, 808, 41663591, 1, '26/03/1970', 5),
(1992, 'Saavedra Cu', 'Sandra Isabel', '10ma. Calle', '16-50', 13, 901, 41663993, 3, '5/11/1959', 6),
(1993, 'Sába Linares', 'José Miguel Angel', '10ma. Calle', '9-84', 14, 902, 41664194, 3, '22/07/1961', 7),
(1994, 'Saenz Gómez', 'Samanta Elizabett', '5ta. Avenida', '16-45', 15, 903, 41664395, 3, '27/04/1983', 8),
(1995, 'Sagastume García', 'Jose Nery', '4ta. Calle', '10-01', 17, 904, 41664797, 3, '7/11/1977', 9),
(1996, 'Sagastume García', 'Karina Elizabeth', '1ra. Avenida', '10-78', 18, 905, 41664998, 3, '24/05/1964', 10),
(1997, 'Sajche Quiroa', 'Andrea Esperanza', '2da. Calle', '1-17', 21, 906, 41665400, 1, '2/03/1972', 11),
(1998, 'Salazar Alarcon', 'Edy Gabriel', '7ma. Avenida', '5-71', 1, 907, 41665601, 3, '8/06/1956', 12),
(1999, 'Salazar González', 'Jeffry Omar Araón', '6ta. Calle', '8-64', 4, 908, 41666204, 3, '13/03/1954', 13),
(2000, 'Salcedo Fricks', 'Eduardo Josue', '2da. Calle', '5-56', 5, 909, 41666405, 3, '21/06/1970', 14),
(2001, 'Salguero Funes', 'Christian Josè', '10ma. Calle', '3-05', 6, 910, 41666606, 3, '29/06/1970', 15),
(2002, 'Salguero Funes', 'Maybelin Carolina', '7ma. Avenida', '14-22', 7, 911, 41666807, 3, '28/03/1962', 16),
(2003, 'Salinas Miranda', 'Arianda Alicia', '7ma. Avenida', '1-52', 9, 912, 41667209, 3, '30/03/1983', 1),
(2004, 'Salomón', 'Wendy Guadalupe', '7ma. Avenida', '18-40', 11, 913, 41667611, 3, '28/03/1956', 2),
(2005, 'Salvador Salvador', 'Sheyla Patricia', '7ma. Avenida', '17-16', 13, 914, 41668013, 3, '11/11/1954', 3),
(2006, 'Samayoa Boteo', 'Miguel Alejandro', '5ta. Avenida', '14-50', 14, 915, 41668214, 3, '19/11/1971', 4),
(2007, 'Samayoa Fernandéz', 'Astrid Paola', '4ta. Calle', '1-69', 15, 916, 41668415, 3, '12/09/1963', 5),
(2008, 'Samayoa Grijalva', 'Geancarlo Alexander', '1ra. Avenida', '7-03', 17, 917, 41668817, 3, '19/04/1972', 6),
(2009, 'Samayoa Morales', 'Nancy Gabriela', '7ma. Avenida', '15-05', 18, 918, 41669018, 3, '22/04/1958', 7),
(2010, 'Sánchez', 'Crosby Naun', '8va. Calle', '3-43', 21, 919, 41669420, 3, '28/12/1974', 8),
(2011, 'Sánchez Barahona', 'Maria De Los Angles', '5ta. Avenida', '13-36', 1, 920, 41669621, 3, '5/01/1972', 9),
(2012, 'Sanchez Leiva', 'Luis Fernando', '6ta. Calle', '12-65', 4, 921, 41670224, 1, '27/12/1983', 10),
(2013, 'Sandoval Gámez', 'Kimberly Meliza', '10ma. Calle', '11-75', 8, 922, 41671028, 3, '16/06/1980', 11),
(2014, 'Sandoval Villatoro', 'Herman Alonso', '7ma. Avenida', '7-79', 11, 923, 41671631, 3, '22/11/1980', 12),
(2015, 'Santiago García', 'Maria Teresa', '3ra. Avenida', '13-64', 12, 924, 41671832, 3, '13/09/1948', 13),
(2016, 'Santizo Fajardo', 'José Antonio', '10ma. Calle', '9-54', 13, 1001, 41672033, 2, '10/04/1980', 14),
(2017, 'Santizo Navas', 'Ruby Ana Luiza', '4ta. Calle', '16-34', 15, 1002, 41672435, 3, '10/07/1975', 15),
(2018, 'Santizo Terrón', 'William Geovanny', '3ra. Avenida', '18-46', 17, 1003, 41672837, 2, '20/07/2009', 16),
(2019, 'Santos Cuque', 'Herminia Yesenia', '9na. Avenida', '7-81', 19, 1004, 41673239, 3, '16/09/1981', 1),
(2020, 'Santos Diéguez', 'Cristian Antonio', '9na. Avenida', '3-34', 21, 1005, 41673440, 1, '18/07/1969', 2),
(2021, 'Santos Ixcop', 'Jimi Estuardo', '2da. Calle', '9-06', 1, 1006, 41673641, 1, '5/02/1957', 3),
(2022, 'Sarceño Cambara', 'Walter Antonio', '7ma. Avenida', '18-30', 3, 1007, 41674043, 1, '14/04/1962', 4),
(2023, 'Sarceño Cambara', 'Edwin Rolando', '4ta. Calle', '5-68', 4, 1008, 41674244, 1, '31/12/1965', 5),
(2024, 'Sazo', 'Gerson Elí', '9na. Avenida', '7-21', 6, 1009, 41674646, 3, '20/06/1979', 6),
(2025, 'Sazo Bámaca', 'Anai Carolina', '10ma. Calle', '1-05', 7, 1010, 41674847, 3, '12/02/1970', 7),
(2026, 'Secay Illú', 'Melcis Manuel', '7ma. Avenida', '14-42', 10, 1011, 41675450, 3, '20/06/1978', 8),
(2027, 'Sempe Lazo', 'Jennifer Sucely', '4ta. Calle', '8-82', 11, 1012, 41675651, 3, '21/03/1968', 9),
(2028, 'Sentes López', 'Edgar Manuel', '10ma. Calle', '5-44', 12, 1013, 41675852, 3, '7/07/1975', 10),
(2029, 'Sequen Ramírez', 'Brandon Estuardo', '10ma. Calle', '2-15', 13, 1014, 41676053, 3, '8/09/1979', 11),
(2030, 'Sierra Búcaro', 'Luis David', '3ra. Avenida', '12-42', 15, 1015, 41676455, 3, '10/07/1984', 12),
(2031, 'Sierra Wellmann', 'Omar Alexander', '9na. Avenida', '15-27', 17, 1016, 41676857, 3, '21/09/1974', 13),
(2032, 'Siguí Quan', 'Maria Ofelia', '9na. Avenida', '13-60', 19, 1017, 41677259, 3, '4/04/1979', 14),
(2033, 'Siliezar Larín', 'Erick Estuardo', '3ra. Avenida', '6-20', 21, 1018, 41677460, 3, '13/02/2009', 15),
(2034, 'Siliezar Sánchez', 'Marylin Guadalupe', '3ra. Avenida', '14-18', 1, 1019, 41677661, 3, '19/08/1981', 16),
(2035, 'Sique Mayorga', 'Yimy Yeisson', '5ta. Avenida', '18-68', 3, 1020, 41678063, 2, '20/01/1982', 1),
(2036, 'Siquibache Toc', 'Lester Saudy', '6ta. Calle', '12-05', 4, 1101, 41678264, 3, '20/06/1971', 2),
(2037, 'Socop', 'Silvia Ana Lucia', '7ma. Avenida', '17-26', 6, 1102, 41678666, 3, '13/01/1984', 3),
(2038, 'Solares Baten', 'Gladys Marisol', '8va. Calle', '7-30', 7, 1103, 41678867, 0, '1/01/2009', 4),
(2039, 'Solís', 'Monica María Jóse', '6ta. Calle', '14-81', 10, 1104, 41679470, 2, '1/01/1975', 5),
(2040, 'Solis Chacón', 'Hugo Efraín', '6ta. Calle', '8-04', 11, 1105, 41679671, 2, '31/12/2015', 6),
(2041, 'Solis García', 'Lilian Del Carmen', '10ma. Calle', '12-09', 12, 1106, 41679872, 2, '13/09/1975', 7),
(2042, 'Solis García', 'Berner Jesús', '9na. Avenida', '2-04', 13, 1107, 41680073, 2, '16/04/1971', 8),
(2043, 'Solis Mendoza', 'Jurien Sofía', '5ta. Avenida', '10-62', 15, 1108, 41680475, 3, '1/03/1972', 9),
(2044, 'Solórzano Castellanos', 'Christopher Steven', '6ta. Calle', '3-11', 17, 1109, 41680877, 3, '18/07/1972', 10),
(2045, 'Solorzano Padilla', 'Fernando Andrés', '8va. Calle', '6-65', 19, 1201, 41681279, 3, '8/01/1971', 11),
(2046, 'Solorzano Padilla', 'Katherine Ana Luisa', '3ra. Avenida', '11-18', 21, 1202, 41681480, 2, '30/06/1988', 12),
(2047, 'Somocurcio Ramos', 'Bryan Geovanny', '3ra. Avenida', '2-38', 1, 1203, 41681681, 3, '16/08/1962', 13),
(2048, 'Sosa León', 'Maria Gabriela', '6ta. Calle', '13-47', 3, 1204, 41682083, 3, '6/01/1969', 14),
(2049, 'Sosa Ruiz', 'Verónica', '3ra. Avenida', '18-06', 4, 1205, 41682284, 3, '26/02/2009', 15),
(2050, 'Soto Bran', 'Gelga Colombina', '3ra. Avenida', '7-05', 6, 1206, 41682686, 3, '17/10/1986', 16),
(2051, 'Soto López', 'Jorge Luis', '10ma. Calle', '9-34', 7, 1207, 41682887, 3, '9/07/1980', 1),
(2052, 'Subuyuj Elias', 'José Moises', '2da. Calle', '9-86', 10, 1208, 41683490, 3, '8/10/1973', 2),
(2053, 'Suruy García', 'Ismar Vladimir', '4ta. Calle', '8-22', 14, 1209, 41684294, 3, '7/03/1969', 3),
(2054, 'Tahual Cojón', 'Dagoberto', '6ta. Calle', '3-51', 17, 1210, 41684897, 1, '3/09/1976', 4),
(2055, 'Tahuite Contreras', 'Estefany Gabriela', '8va. Calle', '6-35', 18, 1211, 41685098, 3, '16/10/1960', 5),
(2056, 'Taló Salazar', 'Edwin Roberto', '2da. Calle', '5-66', 19, 1212, 41685299, 3, '18/05/1979', 6),
(2057, 'Tema Canté', 'Reyna Celena', '9na. Avenida', '15-87', 1, 1213, 41685701, 3, '27/06/1972', 7),
(2058, 'Tema González', 'Orani Arelia', '2da. Calle', '15-30', 3, 1214, 41686103, 1, '16/01/1983', 8),
(2059, 'Terraza Rodas', 'Marta Leticia', '3ra. Avenida', '14-08', 5, 1215, 41686505, 3, '1/01/2009', 9),
(2060, 'Tesucun Aguilar', 'Roque Fabricio', '10ma. Calle', '16-20', 6, 1216, 41686706, 3, '1/10/1962', 10),
(2061, 'Tesucun Aguilar', 'Otto Rolando', '6ta. Calle', '15-54', 7, 1217, 41686907, 3, '31/05/1981', 11),
(2062, 'Toc Quic', 'Clandy Lucerito', '4ta. Calle', '3-19', 9, 1218, 41687309, 3, '13/11/1981', 12),
(2063, 'Tojín Pérez', 'Mario David', '10ma. Calle', '13-81', 10, 1219, 41687510, 3, '28/02/1979', 13),
(2064, 'Toledo Orellana', 'Evelyn Edith', '3ra. Avenida', '6-50', 12, 1220, 41687912, 3, '13/02/1970', 14),
(2065, 'Tomas Rosario', 'Grettel Estefany', '7ma. Avenida', '7-39', 13, 1221, 41688113, 3, '1/02/1973', 15),
(2066, 'Toribio Tejada', 'Kevin Andres', '4ta. Calle', '11-49', 16, 1222, 41688716, 2, '11/01/1966', 16),
(2067, 'Torres Fajardo', 'Carolina Elizabeth', '9na. Avenida', '2-74', 17, 1223, 41688917, 3, '15/02/1976', 1),
(2068, 'Torres Foronda', 'Sonia Alejandra', '7ma. Avenida', '17-36', 18, 1224, 41689118, 3, '17/09/1968', 2),
(2069, 'Torres Hernández', 'Oliver José', '6ta. Calle', '15-24', 19, 1225, 41689319, 3, '17/08/1970', 3),
(2070, 'Torres Morataya', 'Luis Angel', '1ra. Avenida', '12-30', 1, 1226, 41689721, 1, '3/12/1989', 4);

-- --------------------------------------------------------

--
-- Estructura de tabla para la tabla `departamento`
--

CREATE TABLE `departamento` (
  `codigodepto` int(2) NOT NULL,
  `nombredepto` varchar(14) DEFAULT NULL
) ENGINE=InnoDB DEFAULT CHARSET=utf8;

--
-- Volcado de datos para la tabla `departamento`
--

INSERT INTO `departamento` (`codigodepto`, `nombredepto`) VALUES
(1, 'Guatemala'),
(2, 'El Progreso'),
(3, 'Sacatepéquez'),
(4, 'Chimaltenango'),
(5, 'Escuintla'),
(6, 'Santa Rosa'),
(7, 'Sololá'),
(8, 'Totonicapán'),
(9, 'Quetzaltenango'),
(10, 'Suchitepéquez'),
(11, 'Retalhuleu'),
(12, 'San Marcos'),
(13, 'Huehuetenango'),
(14, 'Quiché'),
(15, 'Baja Verapaz'),
(16, 'Alta Verapaz'),
(17, 'Petén'),
(18, 'Izabal'),
(19, 'Zacapa'),
(20, 'Chiquimula'),
(21, 'Jalapa'),
(22, 'Jutiapa');

-- --------------------------------------------------------

--
-- Estructura de tabla para la tabla `municipio`
--

CREATE TABLE `municipio` (
  `codigomuni` int(4) NOT NULL,
  `nombremuni` varchar(27) DEFAULT NULL,
  `codigodepto` int(2) DEFAULT NULL,
  `idioma` varchar(5) DEFAULT NULL
) ENGINE=InnoDB DEFAULT CHARSET=utf8;

--
-- Volcado de datos para la tabla `municipio`
--

INSERT INTO `municipio` (`codigomuni`, `nombremuni`, `codigodepto`, `idioma`) VALUES
(1, 'NO SE', 1, 'SABER'),
(101, 'Guatemala', 1, NULL),
(102, 'Santa Catarina Pinula', 1, NULL),
(103, 'San José Pinula', 1, NULL),
(104, 'San José del Golfo', 1, NULL),
(105, 'Palencia', 1, NULL),
(106, 'Chinautla', 1, NULL),
(107, 'San Pedro Ayampuc', 1, NULL),
(108, 'Mixco', 1, NULL),
(109, 'San Pedro Sacatepéquez', 1, NULL),
(110, 'San Juan Sacatépequez', 1, NULL),
(111, 'San Raymundo', 1, NULL),
(112, 'Chuarrancho', 1, NULL),
(113, 'Fraijanes', 1, NULL),
(114, 'Amatitlán', 1, NULL),
(115, 'Villa Nueva', 1, NULL),
(116, 'Villa Canales', 1, NULL),
(117, 'Petapa', 1, NULL),
(201, 'Guastatoya', 2, NULL),
(202, 'Morazán', 2, NULL),
(203, 'San Agustín Acasaguastlán', 2, NULL),
(204, 'San Cristóbal Acasaguastlán', 2, NULL),
(205, 'El Jícaro', 2, NULL),
(206, 'Sansare', 2, NULL),
(207, 'Sanarate', 2, NULL),
(208, 'San Antonio La Paz', 2, NULL),
(301, 'Antigua Guatemala', 3, NULL),
(302, 'Jocotenango', 3, NULL),
(303, 'Pastores', 3, NULL),
(304, 'Sumpango', 3, NULL),
(305, 'Sto. Domingo Xenacoj', 3, NULL),
(306, 'Santiago Sacatepéquez', 3, NULL),
(307, 'San Bartolomé Millpas Altas', 3, NULL),
(308, 'San Lucas Sacatepéquez', 3, NULL),
(309, 'Santa Lucia Milpas Altas', 3, NULL),
(310, 'Magdalena Milpas Altas', 3, NULL),
(311, 'Santa María de Jesús', 3, NULL),
(312, 'Ciudad Vieja', 3, NULL),
(313, 'San Miguel Dueñas', 3, NULL),
(314, 'Alotenango', 3, NULL),
(315, 'San Antonio Aguas Calientes', 3, NULL),
(316, 'Santa Catarina Barahona', 3, NULL),
(401, 'Chimaltenango', 4, NULL),
(402, 'San José Poaquil', 4, NULL),
(403, 'San Martín Jilotepeque', 4, NULL),
(404, 'Comalapa', 4, NULL),
(405, 'Santa Apolonia', 4, NULL),
(406, 'Tecpán Guatemala', 4, NULL),
(407, 'Patzún', 4, NULL),
(408, 'Pochuta', 4, NULL),
(409, 'Patzicia', 4, NULL),
(410, 'Santa Cruz Balanyá', 4, NULL),
(411, 'Acatenango', 4, NULL),
(412, 'Yepocapa', 4, NULL),
(413, 'San Andrés Iztapa', 4, NULL),
(414, 'Parramos', 4, NULL),
(415, 'Zaragoza', 4, NULL),
(416, 'El Tejar', 4, NULL),
(501, 'Escuintla', 5, NULL),
(502, 'Santa Lucía Cotzumalguapa', 5, NULL),
(503, 'La Democracia', 5, NULL),
(504, 'Siquinalá', 5, NULL),
(505, 'Masagua', 5, NULL),
(506, 'Tiquisate', 5, NULL),
(507, 'La Gomera', 5, NULL),
(508, 'Guanagazapa', 5, NULL),
(509, 'San José', 5, NULL),
(510, 'Iztapa', 5, NULL),
(511, 'Palín', 5, NULL),
(512, 'San Vicente Pacaya', 5, NULL),
(513, 'Nueva Concepción', 5, NULL),
(601, 'Cuilapa', 6, NULL),
(602, 'Barberena', 6, NULL),
(603, 'Santa Rosa de Lima', 6, NULL),
(604, 'Casillas', 6, NULL),
(605, 'San Rafael Las Flores', 6, NULL),
(606, 'Oratorio', 6, NULL),
(607, 'San Juan Tecuaco', 6, NULL),
(608, 'Chiquimulilla', 6, NULL),
(609, 'Taxisco', 6, NULL),
(610, 'Santa María Ixhuatán', 6, NULL),
(611, 'Guazacapán', 6, NULL),
(612, 'Santa Cruz Naranjo', 6, NULL),
(613, 'Pueblo Nuevo Viñas', 6, NULL),
(614, 'Nueva Santa Rosa', 6, NULL),
(701, 'Sololá', 7, NULL),
(702, 'San José Chacayá', 7, NULL),
(703, 'Santa María Visitación', 7, NULL),
(704, 'Santa Lucía Utatlán', 7, NULL),
(705, 'Nahualá', 7, NULL),
(706, 'Santa Catarina Ixtahuacán', 7, NULL),
(707, 'Santa Clara La Laguna', 7, NULL),
(708, 'Concepción', 7, NULL),
(709, 'San Andrés Semetabaj', 7, NULL),
(710, 'Panajachel', 7, NULL),
(711, 'Santa Catarina Palopó', 7, NULL),
(712, 'San Antonio Palopó', 7, NULL),
(713, 'San Lucas Tolimán', 7, NULL),
(714, 'Santa Cruz La Laguna', 7, NULL),
(715, 'San Pablo La Laguna', 7, NULL),
(716, 'San Marcos La Laguna', 7, NULL),
(717, 'San Juan La Laguna', 7, NULL),
(718, 'San Pedro La Laguna', 7, NULL),
(719, 'Santiago Atitlán', 7, NULL),
(801, 'Totonicapán', 8, NULL),
(802, 'San Cristóbal Totonicapán', 8, NULL),
(803, 'San Francisco El Alto', 8, NULL),
(804, 'San Andrés Xecul', 8, NULL),
(805, 'Momostenango', 8, NULL),
(806, 'Santa María Chiquimula', 8, NULL),
(807, 'Santa Lucía La Reforma', 8, NULL),
(808, 'San Bartolo Aguas Calientes', 8, NULL),
(901, 'Quetzaltenango', 9, NULL),
(902, 'Salcajá', 9, NULL),
(903, 'Olintepeque', 9, NULL),
(904, 'San Carlos Sija', 9, NULL),
(905, 'Sibilia', 9, NULL),
(906, 'Cabricán', 9, NULL),
(907, 'Cajolá', 9, NULL),
(908, 'San Miguel Siguilá', 9, NULL),
(909, 'San Juan Ostuncalco', 9, NULL),
(910, 'San Mateo', 9, NULL),
(911, 'Concepción Chiquirichapa', 9, NULL),
(912, 'San Martín Sacatepéquez', 9, NULL),
(913, 'Almolonga', 9, NULL),
(914, 'Cantel', 9, NULL),
(915, 'Huitán', 9, NULL),
(916, 'Zunil', 9, NULL),
(917, 'Colomba', 9, NULL),
(918, 'San Francisco La Unión', 9, NULL),
(919, 'El Palmar', 9, NULL),
(920, 'Coatepeque', 9, NULL),
(921, 'Génova', 9, NULL),
(922, 'Flores Costa Cuca', 9, NULL),
(923, 'La Esperanza', 9, NULL),
(924, 'Palestina de los Altos', 9, NULL),
(1001, 'Mazatenango', 10, NULL),
(1002, 'Cuyotenango', 10, NULL),
(1003, 'San Francisco Zapotitlán', 10, NULL),
(1004, 'San Bernardino', 10, NULL),
(1005, 'San José El ídolo', 10, NULL),
(1006, 'Santo Domingo Suchitepéquez', 10, NULL),
(1007, 'San Lorenzo', 10, NULL),
(1008, 'Samayac', 10, NULL),
(1009, 'San Pablo Jocopilas', 10, NULL),
(1010, 'San Antonio Suchitepéquez', 10, NULL),
(1011, 'San Miguel Panán', 10, NULL),
(1012, 'San Gabriel', 10, NULL),
(1013, 'Chicacao', 10, NULL),
(1014, 'Patulul', 10, NULL),
(1015, 'Santa Bárbara', 10, NULL),
(1016, 'San Juan Bautista', 10, NULL),
(1017, 'Santo Tomás La Unión', 10, NULL),
(1018, 'Zunilito', 10, NULL),
(1019, 'Pueblo Nuevo', 10, NULL),
(1020, 'Río Bravo', 10, NULL),
(1101, 'Retalhuleu', 11, NULL),
(1102, 'San Sebastián', 11, NULL),
(1103, 'Santa Cruz Muluá', 11, NULL),
(1104, 'San Martín Zapotitlán', 11, NULL),
(1105, 'San Felipe Retalhuleu', 11, NULL),
(1106, 'San Andrés Villa Seca', 11, NULL),
(1107, 'Champerico', 11, NULL),
(1108, 'Nuevo San Carlos', 11, NULL),
(1109, 'El Asintal', 11, NULL),
(1201, 'San Marcos', 12, NULL),
(1202, 'San Pedro Sacatepéquez', 12, NULL),
(1203, 'San Antonio Sacatepéquez', 12, NULL),
(1204, 'Comitancillo', 12, NULL),
(1205, 'San Miguel Ixtahuacán', 12, NULL),
(1206, 'Concepción Tutuapa', 12, NULL),
(1207, 'Tacaná', 12, NULL),
(1208, 'Sibinal', 12, NULL),
(1209, 'Tajumulco', 12, NULL),
(1210, 'Tejutla', 12, NULL),
(1211, 'San Rafael Pie de la Cuesta', 12, NULL),
(1212, 'Nuevo Progreso', 12, NULL),
(1213, 'El Tumbador', 12, NULL),
(1214, 'El Rodeo', 12, NULL),
(1215, 'Malacatán', 12, NULL),
(1216, 'Catarina', 12, NULL),
(1217, 'Ayutla', 12, NULL),
(1218, 'Ocós', 12, NULL),
(1219, 'San Pablo', 12, NULL),
(1220, 'El Quetzal', 12, NULL),
(1221, 'La Reforma', 12, NULL),
(1222, 'Pajapita', 12, NULL),
(1223, 'Ixchiguán', 12, NULL),
(1224, 'San José Ojetenam', 12, NULL),
(1225, 'San Cristóbal Cucho', 12, NULL),
(1226, 'Sipacapa', 12, NULL),
(1227, 'Esquipulas Palo Gordo', 12, NULL),
(1228, 'Río Blanco', 12, NULL),
(1229, 'San Lorenzo', 12, NULL),
(1301, 'Huehuetenango', 13, NULL),
(1302, 'Chiantla', 13, NULL),
(1303, 'Malacatancito', 13, NULL),
(1304, 'Cuilco', 13, NULL),
(1305, 'Nentón', 13, NULL),
(1306, 'San Pedro Necta', 13, NULL),
(1307, 'Jacaltenango', 13, NULL),
(1308, 'Soloma', 13, NULL),
(1309, 'San Idelfonso Ixtahuacán', 13, NULL),
(1310, 'Santa Bárbara', 13, NULL),
(1311, 'La Libertad', 13, NULL),
(1312, 'La Democracia', 13, NULL),
(1313, 'San Miguel Acatán', 13, NULL),
(1314, 'San Rafael La Indepencia', 13, NULL),
(1315, 'Todos Santos Cuchumatán', 13, NULL),
(1316, 'San Juan Atitán', 13, NULL),
(1317, 'Santa Eulalia', 13, NULL),
(1318, 'San Mateo Ixtatán', 13, NULL),
(1319, 'Colotenango', 13, NULL),
(1320, 'San Sebastián Huehuetenango', 13, NULL),
(1321, 'Tectitán', 13, NULL),
(1322, 'Concepción Huista', 13, NULL),
(1323, 'San Juan Ixcoy', 13, NULL),
(1324, 'San Antonio Huista', 13, NULL),
(1325, 'San Sebastián Coatán', 13, NULL),
(1326, 'Barillas', 13, NULL),
(1327, 'Aguacatán', 13, NULL),
(1328, 'San Rafael Pétzal', 13, NULL),
(1329, 'San Gaspar Ixchil', 13, NULL),
(1330, 'Santiago Chimaltenango', 13, NULL),
(1331, 'Santa Ana Huista', 13, NULL),
(1401, 'Santa Cruz del Quiché', 14, NULL),
(1402, 'Chiché', 14, NULL),
(1403, 'Chinique', 14, NULL),
(1404, 'Zacualpa', 14, NULL),
(1405, 'Chajul', 14, NULL),
(1406, 'Chichicastenango', 14, NULL),
(1407, 'Patzité', 14, NULL),
(1408, 'San Antonio Ilotenango', 14, NULL),
(1409, 'San Pedro Jocopilas', 14, NULL),
(1410, 'Cunén', 14, NULL),
(1411, 'San Juan Cotzal', 14, NULL),
(1412, 'Joyabaj', 14, NULL),
(1413, 'Nebaj', 14, NULL),
(1414, 'San Andrés Sajcabajá', 14, NULL),
(1415, 'Uspantán', 14, NULL),
(1416, 'Sacapulas', 14, NULL),
(1417, 'San Bartolomé Jocotenango', 14, NULL),
(1418, 'Canillá', 14, NULL),
(1419, 'Chicamán', 14, NULL),
(1420, 'Playa Grande -Ixcán', 14, NULL),
(1421, 'Pachalum', 14, NULL),
(1501, 'Salamá', 15, NULL),
(1502, 'San Miguel Chicaj', 15, NULL),
(1503, 'Rabinal', 15, NULL),
(1504, 'Cubulco', 15, NULL),
(1505, 'Granados', 15, NULL),
(1506, 'El Chol', 15, NULL),
(1507, 'San Jerónimo', 15, NULL),
(1508, 'Purulhá', 15, NULL),
(1601, 'Cobán', 16, NULL),
(1602, 'Santa Cruz Verapaz', 16, NULL),
(1603, 'San Cristóbal Verapaz', 16, NULL),
(1604, 'Tactic', 16, NULL),
(1605, 'Tamahú', 16, NULL),
(1606, 'Tucurú', 16, NULL),
(1607, 'Panzós', 16, NULL),
(1608, 'Senahú', 16, NULL),
(1609, 'San Pedro Carchá', 16, NULL),
(1610, 'San Juan Chamelco', 16, NULL),
(1611, 'Lanquín', 16, NULL),
(1612, 'Cahabón', 16, NULL),
(1613, 'Chisec', 16, NULL),
(1614, 'Chahal', 16, NULL),
(1615, 'Fray Bartolomé de las Casas', 16, NULL),
(1616, 'La Tinta', 16, NULL),
(1701, 'Flores', 17, NULL),
(1702, 'San José', 17, NULL),
(1703, 'San Benito', 17, NULL),
(1704, 'San Andrés', 17, NULL),
(1705, 'La Libertad', 17, NULL),
(1706, 'San Francisco', 17, NULL),
(1707, 'Santa Ana', 17, NULL),
(1708, 'Dolores', 17, NULL),
(1709, 'San Luis', 17, NULL),
(1710, 'Sayaxché', 17, NULL),
(1711, 'Melchor de Mencos', 17, NULL),
(1712, 'Poptún', 17, NULL),
(1801, 'Puerto Barrios', 18, NULL),
(1802, 'Livingston', 18, NULL),
(1803, 'El Estor', 18, NULL),
(1804, 'Morales', 18, NULL),
(1805, 'Los Amates', 18, NULL),
(1901, 'Zacapa', 19, NULL),
(1902, 'Estanzuela', 19, NULL),
(1903, 'Río Hondo', 19, NULL),
(1904, 'Gualán', 19, NULL),
(1905, 'Teculután', 19, NULL),
(1906, 'Usumatlán', 19, NULL),
(1907, 'Cabañas', 19, NULL),
(1908, 'San Diego', 19, NULL),
(1909, 'La Unión', 19, NULL),
(1910, 'Huité', 19, NULL),
(2001, 'Chiquimula', 20, NULL),
(2002, 'San José La Arada', 20, NULL),
(2003, 'San Juan Ermita', 20, NULL),
(2004, 'Jocotán', 20, NULL),
(2005, 'Camotán', 20, NULL),
(2006, 'Olopa', 20, NULL),
(2007, 'Esquipulas', 20, NULL),
(2008, 'Concepción Las Minas', 20, NULL),
(2009, 'Quetzaltepeque', 20, NULL),
(2010, 'San Jacinto', 20, NULL),
(2011, 'Ipala', 20, NULL),
(2101, 'Jalapa', 21, NULL),
(2102, 'San Pedro Pinula', 21, NULL),
(2103, 'San Luis Jilotepeque', 21, NULL),
(2104, 'San Manuel Chaparrón', 21, NULL),
(2105, 'San Carlos Alzatate', 21, NULL),
(2106, 'Monjas', 21, NULL),
(2107, 'Mataquescuintla', 21, NULL),
(2201, 'Jutiapa', 22, NULL),
(2202, 'El Progreso', 22, NULL),
(2203, 'Santa Catarina Mita', 22, NULL),
(2204, 'Agua Blanca', 22, NULL),
(2205, 'Asunción Mita', 22, NULL),
(2206, 'Yupiltepeque', 22, NULL),
(2207, 'Atescatempa', 22, NULL),
(2208, 'Jerez', 22, NULL),
(2209, 'El Adelanto', 22, NULL),
(2210, 'Zapotitlán', 22, NULL),
(2211, 'Comapa', 22, NULL),
(2212, 'Jalpatagua', 22, NULL),
(2213, 'Conguaco', 22, NULL),
(2214, 'Moyuta', 22, NULL),
(2215, 'Pasaco', 22, NULL),
(2216, 'San José Acatempa', 22, NULL),
(2217, 'Quesada', 22, NULL);

-- --------------------------------------------------------

--
-- Estructura de tabla para la tabla `nivel_academico`
--

CREATE TABLE `nivel_academico` (
  `cod_nivel` int(2) NOT NULL,
  `nombre` varchar(37) DEFAULT NULL
) ENGINE=InnoDB DEFAULT CHARSET=utf8;

--
-- Volcado de datos para la tabla `nivel_academico`
--

INSERT INTO `nivel_academico` (`cod_nivel`, `nombre`) VALUES
(1, 'Bachillerato en Computación'),
(2, 'Bachillerato en Ciencias y Letras'),
(3, 'Perito Contador'),
(4, 'Maestro de Educación Primaria'),
(5, 'Profesor de Enseñanza Media'),
(6, 'Maestro de Educación Pre-Primaria'),
(7, 'Secretariado Oficinista'),
(8, 'Secretariado Bilingüe'),
(9, 'Bachillerato en Dibujo y Construcción'),
(10, 'Perito en Administración de Empresas'),
(11, 'Licenciado o Ingeniero'),
(12, 'Maestria'),
(13, 'Doctorado'),
(14, 'Estudios Nivel Primaria'),
(15, 'Estudios Nivel Basico'),
(16, 'Otro');

--
-- Índices para tablas volcadas
--

--
-- Indices de la tabla `ciudadano`
--
ALTER TABLE `ciudadano`
  ADD PRIMARY KEY (`codigo`),
  ADD KEY `codigomuni` (`codigomuni`),
  ADD KEY `nivel_academico` (`nivel_academico`);

--
-- Indices de la tabla `departamento`
--
ALTER TABLE `departamento`
  ADD PRIMARY KEY (`codigodepto`);

--
-- Indices de la tabla `municipio`
--
ALTER TABLE `municipio`
  ADD PRIMARY KEY (`codigomuni`),
  ADD KEY `codigodepto` (`codigodepto`);

--
-- Indices de la tabla `nivel_academico`
--
ALTER TABLE `nivel_academico`
  ADD PRIMARY KEY (`cod_nivel`);

--
-- Restricciones para tablas volcadas
--

--
-- Filtros para la tabla `ciudadano`
--
ALTER TABLE `ciudadano`
  ADD CONSTRAINT `ciudadano_ibfk_1` FOREIGN KEY (`nivel_academico`) REFERENCES `nivel_academico` (`cod_nivel`) ON DELETE CASCADE ON UPDATE CASCADE,
  ADD CONSTRAINT `ciudadano_ibfk_2` FOREIGN KEY (`codigomuni`) REFERENCES `municipio` (`codigomuni`) ON DELETE CASCADE ON UPDATE CASCADE;

--
-- Filtros para la tabla `municipio`
--
ALTER TABLE `municipio`
  ADD CONSTRAINT `municipio_ibfk_1` FOREIGN KEY (`codigodepto`) REFERENCES `departamento` (`codigodepto`) ON DELETE CASCADE ON UPDATE CASCADE;
COMMIT;

/*!40101 SET CHARACTER_SET_CLIENT=@OLD_CHARACTER_SET_CLIENT */;
/*!40101 SET CHARACTER_SET_RESULTS=@OLD_CHARACTER_SET_RESULTS */;
/*!40101 SET COLLATION_CONNECTION=@OLD_COLLATION_CONNECTION */;
